company,concept,value,start,end,fiscal_year,fiscal_period,form,filed
DoorDash,OperatingIncomeLoss,-210000000,2018-01-01,2018-12-31,2020.0,FY,10-K,2021-03-05
DoorDash,OperatingIncomeLoss,-616000000,2019-01-01,2019-12-31,2020.0,FY,10-K,2021-03-05
DoorDash,OperatingIncomeLoss,-616000000,2019-01-01,2019-12-31,2021.0,FY,10-K,2022-03-01
DoorDash,OperatingIncomeLoss,-123000000,2020-01-01,2020-03-31,2021.0,Q1,10-Q,2021-05-14
DoorDash,OperatingIncomeLoss,-96000000,2020-01-01,2020-06-30,2021.0,Q2,10-Q,2021-08-13
DoorDash,OperatingIncomeLoss,27000000,2020-04-01,2020-06-30,2021.0,Q2,10-Q,2021-08-13
DoorDash,OperatingIncomeLoss,-131000000,2020-01-01,2020-09-30,2021.0,Q3,10-Q,2021-11-10
DoorDash,OperatingIncomeLoss,-35000000,2020-07-01,2020-09-30,2021.0,Q3,10-Q,2021-11-10
DoorDash,OperatingIncomeLoss,-436000000,2020-01-01,2020-12-31,2020.0,FY,10-K,2021-03-05
DoorDash,OperatingIncomeLoss,-436000000,2020-01-01,2020-12-31,2021.0,FY,10-K,2022-03-01
DoorDash,OperatingIncomeLoss,-436000000,2020-01-01,2020-12-31,2022.0,FY,10-K,2023-02-27
DoorDash,OperatingIncomeLoss,-99000000,2021-01-01,2021-03-31,2021.0,Q1,10-Q,2021-05-14
DoorDash,OperatingIncomeLoss,-99000000,2021-01-01,2021-03-31,2022.0,Q1,10-Q,2022-05-06
DoorDash,OperatingIncomeLoss,-198000000,2021-01-01,2021-06-30,2021.0,Q2,10-Q,2021-08-13
DoorDash,OperatingIncomeLoss,-198000000,2021-01-01,2021-06-30,2022.0,Q2,10-Q,2022-08-05
DoorDash,OperatingIncomeLoss,-99000000,2021-04-01,2021-06-30,2021.0,Q2,10-Q,2021-08-13
DoorDash,OperatingIncomeLoss,-99000000,2021-04-01,2021-06-30,2022.0,Q2,10-Q,2022-08-05
DoorDash,OperatingIncomeLoss,-298000000,2021-01-01,2021-09-30,2021.0,Q3,10-Q,2021-11-10
DoorDash,OperatingIncomeLoss,-298000000,2021-01-01,2021-09-30,2022.0,Q3,10-Q,2022-11-04
DoorDash,OperatingIncomeLoss,-100000000,2021-07-01,2021-09-30,2021.0,Q3,10-Q,2021-11-10
DoorDash,OperatingIncomeLoss,-100000000,2021-07-01,2021-09-30,2022.0,Q3,10-Q,2022-11-04
DoorDash,OperatingIncomeLoss,-452000000,2021-01-01,2021-12-31,2021.0,FY,10-K,2022-03-01
DoorDash,OperatingIncomeLoss,-452000000,2021-01-01,2021-12-31,2022.0,FY,10-K,2023-02-27
DoorDash,OperatingIncomeLoss,-452000000,2021-01-01,2021-12-31,2023.0,FY,10-K,2024-02-20
DoorDash,OperatingIncomeLoss,-173000000,2022-01-01,2022-03-31,2022.0,Q1,10-Q,2022-05-06
DoorDash,OperatingIncomeLoss,-173000000,2022-01-01,2022-03-31,2023.0,Q1,10-Q,2023-05-05
DoorDash,OperatingIncomeLoss,-446000000,2022-01-01,2022-06-30,2022.0,Q2,10-Q,2022-08-05
DoorDash,OperatingIncomeLoss,-446000000,2022-01-01,2022-06-30,2023.0,Q2,10-Q,2023-08-02
DoorDash,OperatingIncomeLoss,-273000000,2022-04-01,2022-06-30,2022.0,Q2,10-Q,2022-08-05
DoorDash,OperatingIncomeLoss,-273000000,2022-04-01,2022-06-30,2023.0,Q2,10-Q,2023-08-02
DoorDash,OperatingIncomeLoss,-754000000,2022-01-01,2022-09-30,2022.0,Q3,10-Q,2022-11-04
DoorDash,OperatingIncomeLoss,-754000000,2022-01-01,2022-09-30,2023.0,Q3,10-Q,2023-11-01
DoorDash,OperatingIncomeLoss,-308000000,2022-07-01,2022-09-30,2022.0,Q3,10-Q,2022-11-04
DoorDash,OperatingIncomeLoss,-308000000,2022-07-01,2022-09-30,2023.0,Q3,10-Q,2023-11-01
DoorDash,OperatingIncomeLoss,-1124000000,2022-01-01,2022-12-31,2022.0,FY,10-K,2023-02-27
DoorDash,OperatingIncomeLoss,-1124000000,2022-01-01,2022-12-31,2023.0,FY,10-K,2024-02-20
DoorDash,OperatingIncomeLoss,-1124000000,2022-01-01,2022-12-31,2024.0,FY,10-K,2025-02-14
DoorDash,OperatingIncomeLoss,-171000000,2023-01-01,2023-03-31,2023.0,Q1,10-Q,2023-05-05
DoorDash,OperatingIncomeLoss,-171000000,2023-01-01,2023-03-31,2024.0,Q1,10-Q,2024-05-01
DoorDash,OperatingIncomeLoss,-382000000,2023-01-01,2023-06-30,2023.0,Q2,10-Q,2023-08-02
DoorDash,OperatingIncomeLoss,-382000000,2023-01-01,2023-06-30,2024.0,Q2,10-Q,2024-08-01
DoorDash,OperatingIncomeLoss,-211000000,2023-04-01,2023-06-30,2023.0,Q2,10-Q,2023-08-02
DoorDash,OperatingIncomeLoss,-211000000,2023-04-01,2023-06-30,2024.0,Q2,10-Q,2024-08-01
DoorDash,OperatingIncomeLoss,-490000000,2023-01-01,2023-09-30,2023.0,Q3,10-Q,2023-11-01
DoorDash,OperatingIncomeLoss,-490000000,2023-01-01,2023-09-30,2024.0,Q3,10-Q,2024-10-30
DoorDash,OperatingIncomeLoss,-108000000,2023-07-01,2023-09-30,2023.0,Q3,10-Q,2023-11-01
DoorDash,OperatingIncomeLoss,-108000000,2023-07-01,2023-09-30,2024.0,Q3,10-Q,2024-10-30
DoorDash,OperatingIncomeLoss,-579000000,2023-01-01,2023-12-31,2023.0,FY,10-K,2024-02-20
DoorDash,OperatingIncomeLoss,-579000000,2023-01-01,2023-12-31,2024.0,FY,10-K,2025-02-14
DoorDash,OperatingIncomeLoss,-579000000,2023-01-01,2023-12-31,2025.0,FY,10-K,2026-02-18
DoorDash,OperatingIncomeLoss,-579000000,2023-01-01,2023-12-31,2025.0,FY,10-K/A,2026-05-06
DoorDash,OperatingIncomeLoss,-61000000,2024-01-01,2024-03-31,2024.0,Q1,10-Q,2024-05-01
DoorDash,OperatingIncomeLoss,-61000000,2024-01-01,2024-03-31,2025.0,Q1,10-Q,2025-05-07
DoorDash,OperatingIncomeLoss,-262000000,2024-01-01,2024-06-30,2024.0,Q2,10-Q,2024-08-01
DoorDash,OperatingIncomeLoss,-262000000,2024-01-01,2024-06-30,2025.0,Q2,10-Q,2025-08-06
DoorDash,OperatingIncomeLoss,-201000000,2024-04-01,2024-06-30,2024.0,Q2,10-Q,2024-08-01
DoorDash,OperatingIncomeLoss,-201000000,2024-04-01,2024-06-30,2025.0,Q2,10-Q,2025-08-06
DoorDash,OperatingIncomeLoss,-155000000,2024-01-01,2024-09-30,2024.0,Q3,10-Q,2024-10-30
DoorDash,OperatingIncomeLoss,-155000000,2024-01-01,2024-09-30,2025.0,Q3,10-Q,2025-11-06
DoorDash,OperatingIncomeLoss,107000000,2024-07-01,2024-09-30,2024.0,Q3,10-Q,2024-10-30
DoorDash,OperatingIncomeLoss,107000000,2024-07-01,2024-09-30,2025.0,Q3,10-Q,2025-11-06
DoorDash,OperatingIncomeLoss,-38000000,2024-01-01,2024-12-31,2024.0,FY,10-K,2025-02-14
DoorDash,OperatingIncomeLoss,-38000000,2024-01-01,2024-12-31,2025.0,FY,10-K,2026-02-18
DoorDash,OperatingIncomeLoss,-38000000,2024-01-01,2024-12-31,2025.0,FY,10-K/A,2026-05-06
DoorDash,OperatingIncomeLoss,155000000,2025-01-01,2025-03-31,2025.0,Q1,10-Q,2025-05-07
DoorDash,OperatingIncomeLoss,155000000,2025-01-01,2025-03-31,2026.0,Q1,10-Q,2026-05-06
DoorDash,OperatingIncomeLoss,318000000,2025-01-01,2025-06-30,2025.0,Q2,10-Q,2025-08-06
DoorDash,OperatingIncomeLoss,163000000,2025-04-01,2025-06-30,2025.0,Q2,10-Q,2025-08-06
DoorDash,OperatingIncomeLoss,576000000,2025-01-01,2025-09-30,2025.0,Q3,10-Q,2025-11-06
DoorDash,OperatingIncomeLoss,258000000,2025-07-01,2025-09-30,2025.0,Q3,10-Q,2025-11-06
DoorDash,OperatingIncomeLoss,723000000,2025-01-01,2025-12-31,2025.0,FY,10-K,2026-02-18
DoorDash,OperatingIncomeLoss,723000000,2025-01-01,2025-12-31,2025.0,FY,10-K/A,2026-05-06
DoorDash,OperatingIncomeLoss,151000000,2026-01-01,2026-03-31,2026.0,Q1,10-Q,2026-05-06
DoorDash,NetIncomeLoss,-204000000,2018-01-01,2018-12-31,2020.0,FY,10-K,2021-03-05
DoorDash,NetIncomeLoss,-667000000,2019-01-01,2019-12-31,2020.0,FY,10-K,2021-03-05
DoorDash,NetIncomeLoss,-667000000,2019-01-01,2019-12-31,2021.0,FY,10-K,2022-03-01
DoorDash,NetIncomeLoss,-129000000,2020-01-01,2020-03-31,2021.0,Q1,10-Q,2021-05-14
DoorDash,NetIncomeLoss,-129000000,2020-01-01,2020-03-31,2021.0,Q2,10-Q,2021-08-13
DoorDash,NetIncomeLoss,-129000000,2020-01-01,2020-03-31,2021.0,Q3,10-Q,2021-11-10
DoorDash,NetIncomeLoss,-106000000,2020-01-01,2020-06-30,2021.0,Q2,10-Q,2021-08-13
DoorDash,NetIncomeLoss,23000000,2020-04-01,2020-06-30,2021.0,Q2,10-Q,2021-08-13
DoorDash,NetIncomeLoss,23000000,2020-04-01,2020-06-30,2021.0,Q3,10-Q,2021-11-10
DoorDash,NetIncomeLoss,-149000000,2020-01-01,2020-09-30,2021.0,Q3,10-Q,2021-11-10
DoorDash,NetIncomeLoss,-43000000,2020-07-01,2020-09-30,2021.0,Q3,10-Q,2021-11-10
DoorDash,NetIncomeLoss,-461000000,2020-01-01,2020-12-31,2020.0,FY,10-K,2021-03-05
DoorDash,NetIncomeLoss,-461000000,2020-01-01,2020-12-31,2021.0,FY,10-K,2022-03-01
DoorDash,NetIncomeLoss,-461000000,2020-01-01,2020-12-31,2022.0,FY,10-K,2023-02-27
DoorDash,NetIncomeLoss,-110000000,2021-01-01,2021-03-31,2021.0,Q1,10-Q,2021-05-14
DoorDash,NetIncomeLoss,-110000000,2021-01-01,2021-03-31,2021.0,Q2,10-Q,2021-08-13
DoorDash,NetIncomeLoss,-110000000,2021-01-01,2021-03-31,2021.0,Q3,10-Q,2021-11-10
DoorDash,NetIncomeLoss,-110000000,2021-01-01,2021-03-31,2022.0,Q1,10-Q,2022-05-06
DoorDash,NetIncomeLoss,-110000000,2021-01-01,2021-03-31,2022.0,Q2,10-Q,2022-08-05
DoorDash,NetIncomeLoss,-110000000,2021-01-01,2021-03-31,2022.0,Q3,10-Q,2022-11-04
DoorDash,NetIncomeLoss,-212000000,2021-01-01,2021-06-30,2021.0,Q2,10-Q,2021-08-13
DoorDash,NetIncomeLoss,-212000000,2021-01-01,2021-06-30,2022.0,Q2,10-Q,2022-08-05
DoorDash,NetIncomeLoss,-102000000,2021-04-01,2021-06-30,2021.0,Q2,10-Q,2021-08-13
DoorDash,NetIncomeLoss,-102000000,2021-04-01,2021-06-30,2021.0,Q3,10-Q,2021-11-10
DoorDash,NetIncomeLoss,-102000000,2021-04-01,2021-06-30,2022.0,Q2,10-Q,2022-08-05
DoorDash,NetIncomeLoss,-102000000,2021-04-01,2021-06-30,2022.0,Q3,10-Q,2022-11-04
DoorDash,NetIncomeLoss,-313000000,2021-01-01,2021-09-30,2021.0,Q3,10-Q,2021-11-10
DoorDash,NetIncomeLoss,-313000000,2021-01-01,2021-09-30,2022.0,Q3,10-Q,2022-11-04
DoorDash,NetIncomeLoss,-101000000,2021-07-01,2021-09-30,2021.0,Q3,10-Q,2021-11-10
DoorDash,NetIncomeLoss,-101000000,2021-07-01,2021-09-30,2022.0,Q3,10-Q,2022-11-04
DoorDash,NetIncomeLoss,-468000000,2021-01-01,2021-12-31,2021.0,FY,10-K,2022-03-01
DoorDash,NetIncomeLoss,-468000000,2021-01-01,2021-12-31,2022.0,FY,10-K,2023-02-27
DoorDash,NetIncomeLoss,-468000000,2021-01-01,2021-12-31,2023.0,FY,10-K,2024-02-20
DoorDash,NetIncomeLoss,-468000000,2021-01-01,2021-12-31,,,DEF 14A,2026-04-20
DoorDash,NetIncomeLoss,-167000000,2022-01-01,2022-03-31,2022.0,Q1,10-Q,2022-05-06
DoorDash,NetIncomeLoss,-167000000,2022-01-01,2022-03-31,2022.0,Q2,10-Q,2022-08-05
DoorDash,NetIncomeLoss,-167000000,2022-01-01,2022-03-31,2022.0,Q3,10-Q,2022-11-04
DoorDash,NetIncomeLoss,-167000000,2022-01-01,2022-03-31,2023.0,Q1,10-Q,2023-05-05
DoorDash,NetIncomeLoss,-167000000,2022-01-01,2022-03-31,2023.0,Q2,10-Q,2023-08-02
DoorDash,NetIncomeLoss,-167000000,2022-01-01,2022-03-31,2023.0,Q3,10-Q,2023-11-01
DoorDash,NetIncomeLoss,-430000000,2022-01-01,2022-06-30,2022.0,Q2,10-Q,2022-08-05
DoorDash,NetIncomeLoss,-430000000,2022-01-01,2022-06-30,2023.0,Q2,10-Q,2023-08-02
DoorDash,NetIncomeLoss,-263000000,2022-04-01,2022-06-30,2022.0,Q2,10-Q,2022-08-05
DoorDash,NetIncomeLoss,-263000000,2022-04-01,2022-06-30,2022.0,Q3,10-Q,2022-11-04
DoorDash,NetIncomeLoss,-263000000,2022-04-01,2022-06-30,2023.0,Q2,10-Q,2023-08-02
DoorDash,NetIncomeLoss,-263000000,2022-04-01,2022-06-30,2023.0,Q3,10-Q,2023-11-01
DoorDash,NetIncomeLoss,-725000000,2022-01-01,2022-09-30,2022.0,Q3,10-Q,2022-11-04
DoorDash,NetIncomeLoss,-725000000,2022-01-01,2022-09-30,2023.0,Q3,10-Q,2023-11-01
DoorDash,NetIncomeLoss,-295000000,2022-07-01,2022-09-30,2022.0,Q3,10-Q,2022-11-04
DoorDash,NetIncomeLoss,-295000000,2022-07-01,2022-09-30,2023.0,Q3,10-Q,2023-11-01
DoorDash,NetIncomeLoss,-1365000000,2022-01-01,2022-12-31,2022.0,FY,10-K,2023-02-27
DoorDash,NetIncomeLoss,-1365000000,2022-01-01,2022-12-31,2023.0,FY,10-K,2024-02-20
DoorDash,NetIncomeLoss,-1365000000,2022-01-01,2022-12-31,2024.0,FY,10-K,2025-02-14
DoorDash,NetIncomeLoss,-1365000000,2022-01-01,2022-12-31,,,DEF 14A,2026-04-20
DoorDash,NetIncomeLoss,-161000000,2023-01-01,2023-03-31,2023.0,Q1,10-Q,2023-05-05
DoorDash,NetIncomeLoss,-161000000,2023-01-01,2023-03-31,2023.0,Q2,10-Q,2023-08-02
DoorDash,NetIncomeLoss,-161000000,2023-01-01,2023-03-31,2023.0,Q3,10-Q,2023-11-01
DoorDash,NetIncomeLoss,-161000000,2023-01-01,2023-03-31,2024.0,Q1,10-Q,2024-05-01
DoorDash,NetIncomeLoss,-161000000,2023-01-01,2023-03-31,2024.0,Q2,10-Q,2024-08-01
DoorDash,NetIncomeLoss,-161000000,2023-01-01,2023-03-31,2024.0,Q3,10-Q,2024-10-30
DoorDash,NetIncomeLoss,-331000000,2023-01-01,2023-06-30,2023.0,Q2,10-Q,2023-08-02
DoorDash,NetIncomeLoss,-331000000,2023-01-01,2023-06-30,2024.0,Q2,10-Q,2024-08-01
DoorDash,NetIncomeLoss,-170000000,2023-04-01,2023-06-30,2023.0,Q2,10-Q,2023-08-02
DoorDash,NetIncomeLoss,-170000000,2023-04-01,2023-06-30,2023.0,Q3,10-Q,2023-11-01
DoorDash,NetIncomeLoss,-170000000,2023-04-01,2023-06-30,2024.0,Q2,10-Q,2024-08-01
DoorDash,NetIncomeLoss,-170000000,2023-04-01,2023-06-30,2024.0,Q3,10-Q,2024-10-30
DoorDash,NetIncomeLoss,-404000000,2023-01-01,2023-09-30,2023.0,Q3,10-Q,2023-11-01
DoorDash,NetIncomeLoss,-404000000,2023-01-01,2023-09-30,2024.0,Q3,10-Q,2024-10-30
DoorDash,NetIncomeLoss,-73000000,2023-07-01,2023-09-30,2023.0,Q3,10-Q,2023-11-01
DoorDash,NetIncomeLoss,-73000000,2023-07-01,2023-09-30,2024.0,Q3,10-Q,2024-10-30
DoorDash,NetIncomeLoss,-558000000,2023-01-01,2023-12-31,2023.0,FY,10-K,2024-02-20
DoorDash,NetIncomeLoss,-558000000,2023-01-01,2023-12-31,2024.0,FY,10-K,2025-02-14
DoorDash,NetIncomeLoss,-558000000,2023-01-01,2023-12-31,2025.0,FY,10-K,2026-02-18
DoorDash,NetIncomeLoss,-558000000,2023-01-01,2023-12-31,,,DEF 14A,2026-04-20
DoorDash,NetIncomeLoss,-558000000,2023-01-01,2023-12-31,2025.0,FY,10-K/A,2026-05-06
DoorDash,NetIncomeLoss,-23000000,2024-01-01,2024-03-31,2024.0,Q1,10-Q,2024-05-01
DoorDash,NetIncomeLoss,-23000000,2024-01-01,2024-03-31,2024.0,Q2,10-Q,2024-08-01
DoorDash,NetIncomeLoss,-23000000,2024-01-01,2024-03-31,2024.0,Q3,10-Q,2024-10-30
DoorDash,NetIncomeLoss,-23000000,2024-01-01,2024-03-31,2025.0,Q1,10-Q,2025-05-07
DoorDash,NetIncomeLoss,-23000000,2024-01-01,2024-03-31,2025.0,Q2,10-Q,2025-08-06
DoorDash,NetIncomeLoss,-23000000,2024-01-01,2024-03-31,2025.0,Q3,10-Q,2025-11-06
DoorDash,NetIncomeLoss,-180000000,2024-01-01,2024-06-30,2024.0,Q2,10-Q,2024-08-01
DoorDash,NetIncomeLoss,-180000000,2024-01-01,2024-06-30,2025.0,Q2,10-Q,2025-08-06
DoorDash,NetIncomeLoss,-157000000,2024-04-01,2024-06-30,2024.0,Q2,10-Q,2024-08-01
DoorDash,NetIncomeLoss,-157000000,2024-04-01,2024-06-30,2024.0,Q3,10-Q,2024-10-30
DoorDash,NetIncomeLoss,-157000000,2024-04-01,2024-06-30,2025.0,Q2,10-Q,2025-08-06
DoorDash,NetIncomeLoss,-157000000,2024-04-01,2024-06-30,2025.0,Q3,10-Q,2025-11-06
DoorDash,NetIncomeLoss,-18000000,2024-01-01,2024-09-30,2024.0,Q3,10-Q,2024-10-30
DoorDash,NetIncomeLoss,-18000000,2024-01-01,2024-09-30,2025.0,Q3,10-Q,2025-11-06
DoorDash,NetIncomeLoss,162000000,2024-07-01,2024-09-30,2024.0,Q3,10-Q,2024-10-30
DoorDash,NetIncomeLoss,162000000,2024-07-01,2024-09-30,2025.0,Q3,10-Q,2025-11-06
DoorDash,NetIncomeLoss,123000000,2024-01-01,2024-12-31,2024.0,FY,10-K,2025-02-14
DoorDash,NetIncomeLoss,123000000,2024-01-01,2024-12-31,2025.0,FY,10-K,2026-02-18
DoorDash,NetIncomeLoss,123000000,2024-01-01,2024-12-31,,,DEF 14A,2026-04-20
DoorDash,NetIncomeLoss,123000000,2024-01-01,2024-12-31,2025.0,FY,10-K/A,2026-05-06
DoorDash,NetIncomeLoss,193000000,2025-01-01,2025-03-31,2025.0,Q1,10-Q,2025-05-07
DoorDash,NetIncomeLoss,193000000,2025-01-01,2025-03-31,2025.0,Q2,10-Q,2025-08-06
DoorDash,NetIncomeLoss,193000000,2025-01-01,2025-03-31,2025.0,Q3,10-Q,2025-11-06
DoorDash,NetIncomeLoss,193000000,2025-01-01,2025-03-31,2026.0,Q1,10-Q,2026-05-06
DoorDash,NetIncomeLoss,478000000,2025-01-01,2025-06-30,2025.0,Q2,10-Q,2025-08-06
DoorDash,NetIncomeLoss,285000000,2025-04-01,2025-06-30,2025.0,Q2,10-Q,2025-08-06
DoorDash,NetIncomeLoss,285000000,2025-04-01,2025-06-30,2025.0,Q3,10-Q,2025-11-06
DoorDash,NetIncomeLoss,722000000,2025-01-01,2025-09-30,2025.0,Q3,10-Q,2025-11-06
DoorDash,NetIncomeLoss,244000000,2025-07-01,2025-09-30,2025.0,Q3,10-Q,2025-11-06
DoorDash,NetIncomeLoss,935000000,2025-01-01,2025-12-31,2025.0,FY,10-K,2026-02-18
DoorDash,NetIncomeLoss,935000000,2025-01-01,2025-12-31,,,DEF 14A,2026-04-20
DoorDash,NetIncomeLoss,935000000,2025-01-01,2025-12-31,2025.0,FY,10-K/A,2026-05-06
DoorDash,NetIncomeLoss,184000000,2026-01-01,2026-03-31,2026.0,Q1,10-Q,2026-05-06
DoorDash,ResearchAndDevelopmentExpense,51000000,2018-01-01,2018-12-31,2020.0,FY,10-K,2021-03-05
DoorDash,ResearchAndDevelopmentExpense,107000000,2019-01-01,2019-12-31,2020.0,FY,10-K,2021-03-05
DoorDash,ResearchAndDevelopmentExpense,107000000,2019-01-01,2019-12-31,2021.0,FY,10-K,2022-03-01
DoorDash,ResearchAndDevelopmentExpense,33000000,2020-01-01,2020-03-31,2021.0,Q1,10-Q,2021-05-14
DoorDash,ResearchAndDevelopmentExpense,71000000,2020-01-01,2020-06-30,2021.0,Q2,10-Q,2021-08-13
DoorDash,ResearchAndDevelopmentExpense,38000000,2020-04-01,2020-06-30,2021.0,Q2,10-Q,2021-08-13
DoorDash,ResearchAndDevelopmentExpense,112000000,2020-01-01,2020-09-30,2021.0,Q3,10-Q,2021-11-10
DoorDash,ResearchAndDevelopmentExpense,41000000,2020-07-01,2020-09-30,2021.0,Q3,10-Q,2021-11-10
DoorDash,ResearchAndDevelopmentExpense,321000000,2020-01-01,2020-12-31,2020.0,FY,10-K,2021-03-05
DoorDash,ResearchAndDevelopmentExpense,321000000,2020-01-01,2020-12-31,2021.0,FY,10-K,2022-03-01
DoorDash,ResearchAndDevelopmentExpense,321000000,2020-01-01,2020-12-31,2022.0,FY,10-K,2023-02-27
DoorDash,ResearchAndDevelopmentExpense,82000000,2021-01-01,2021-03-31,2021.0,Q1,10-Q,2021-05-14
DoorDash,ResearchAndDevelopmentExpense,82000000,2021-01-01,2021-03-31,2022.0,Q1,10-Q,2022-05-06
DoorDash,ResearchAndDevelopmentExpense,182000000,2021-01-01,2021-06-30,2021.0,Q2,10-Q,2021-08-13
DoorDash,ResearchAndDevelopmentExpense,182000000,2021-01-01,2021-06-30,2022.0,Q2,10-Q,2022-08-05
DoorDash,ResearchAndDevelopmentExpense,100000000,2021-04-01,2021-06-30,2021.0,Q2,10-Q,2021-08-13
DoorDash,ResearchAndDevelopmentExpense,100000000,2021-04-01,2021-06-30,2022.0,Q2,10-Q,2022-08-05
DoorDash,ResearchAndDevelopmentExpense,297000000,2021-01-01,2021-09-30,2021.0,Q3,10-Q,2021-11-10
DoorDash,ResearchAndDevelopmentExpense,297000000,2021-01-01,2021-09-30,2022.0,Q3,10-Q,2022-11-04
DoorDash,ResearchAndDevelopmentExpense,115000000,2021-07-01,2021-09-30,2021.0,Q3,10-Q,2021-11-10
DoorDash,ResearchAndDevelopmentExpense,115000000,2021-07-01,2021-09-30,2022.0,Q3,10-Q,2022-11-04
DoorDash,ResearchAndDevelopmentExpense,430000000,2021-01-01,2021-12-31,2021.0,FY,10-K,2022-03-01
DoorDash,ResearchAndDevelopmentExpense,430000000,2021-01-01,2021-12-31,2022.0,FY,10-K,2023-02-27
DoorDash,ResearchAndDevelopmentExpense,430000000,2021-01-01,2021-12-31,2023.0,FY,10-K,2024-02-20
DoorDash,ResearchAndDevelopmentExpense,148000000,2022-01-01,2022-03-31,2022.0,Q1,10-Q,2022-05-06
DoorDash,ResearchAndDevelopmentExpense,148000000,2022-01-01,2022-03-31,2023.0,Q1,10-Q,2023-05-05
DoorDash,ResearchAndDevelopmentExpense,353000000,2022-01-01,2022-06-30,2022.0,Q2,10-Q,2022-08-05
DoorDash,ResearchAndDevelopmentExpense,353000000,2022-01-01,2022-06-30,2023.0,Q2,10-Q,2023-08-02
DoorDash,ResearchAndDevelopmentExpense,205000000,2022-04-01,2022-06-30,2022.0,Q2,10-Q,2022-08-05
DoorDash,ResearchAndDevelopmentExpense,205000000,2022-04-01,2022-06-30,2023.0,Q2,10-Q,2023-08-02
DoorDash,ResearchAndDevelopmentExpense,579000000,2022-01-01,2022-09-30,2022.0,Q3,10-Q,2022-11-04
DoorDash,ResearchAndDevelopmentExpense,579000000,2022-01-01,2022-09-30,2023.0,Q3,10-Q,2023-11-01
DoorDash,ResearchAndDevelopmentExpense,226000000,2022-07-01,2022-09-30,2022.0,Q3,10-Q,2022-11-04
DoorDash,ResearchAndDevelopmentExpense,226000000,2022-07-01,2022-09-30,2023.0,Q3,10-Q,2023-11-01
DoorDash,ResearchAndDevelopmentExpense,829000000,2022-01-01,2022-12-31,2022.0,FY,10-K,2023-02-27
DoorDash,ResearchAndDevelopmentExpense,829000000,2022-01-01,2022-12-31,2023.0,FY,10-K,2024-02-20
DoorDash,ResearchAndDevelopmentExpense,829000000,2022-01-01,2022-12-31,2024.0,FY,10-K,2025-02-14
DoorDash,ResearchAndDevelopmentExpense,231000000,2023-01-01,2023-03-31,2023.0,Q1,10-Q,2023-05-05
DoorDash,ResearchAndDevelopmentExpense,231000000,2023-01-01,2023-03-31,2024.0,Q1,10-Q,2024-05-01
DoorDash,ResearchAndDevelopmentExpense,500000000,2023-01-01,2023-06-30,2023.0,Q2,10-Q,2023-08-02
DoorDash,ResearchAndDevelopmentExpense,500000000,2023-01-01,2023-06-30,2024.0,Q2,10-Q,2024-08-01
DoorDash,ResearchAndDevelopmentExpense,269000000,2023-04-01,2023-06-30,2023.0,Q2,10-Q,2023-08-02
DoorDash,ResearchAndDevelopmentExpense,269000000,2023-04-01,2023-06-30,2024.0,Q2,10-Q,2024-08-01
DoorDash,ResearchAndDevelopmentExpense,750000000,2023-01-01,2023-09-30,2023.0,Q3,10-Q,2023-11-01
DoorDash,ResearchAndDevelopmentExpense,750000000,2023-01-01,2023-09-30,2024.0,Q3,10-Q,2024-10-30
DoorDash,ResearchAndDevelopmentExpense,250000000,2023-07-01,2023-09-30,2023.0,Q3,10-Q,2023-11-01
DoorDash,ResearchAndDevelopmentExpense,250000000,2023-07-01,2023-09-30,2024.0,Q3,10-Q,2024-10-30
DoorDash,ResearchAndDevelopmentExpense,1003000000,2023-01-01,2023-12-31,2023.0,FY,10-K,2024-02-20
DoorDash,ResearchAndDevelopmentExpense,1003000000,2023-01-01,2023-12-31,2024.0,FY,10-K,2025-02-14
DoorDash,ResearchAndDevelopmentExpense,1003000000,2023-01-01,2023-12-31,2025.0,FY,10-K,2026-02-18
DoorDash,ResearchAndDevelopmentExpense,1003000000,2023-01-01,2023-12-31,2025.0,FY,10-K/A,2026-05-06
DoorDash,ResearchAndDevelopmentExpense,279000000,2024-01-01,2024-03-31,2024.0,Q1,10-Q,2024-05-01
DoorDash,ResearchAndDevelopmentExpense,279000000,2024-01-01,2024-03-31,2025.0,Q1,10-Q,2025-05-07
DoorDash,ResearchAndDevelopmentExpense,582000000,2024-01-01,2024-06-30,2024.0,Q2,10-Q,2024-08-01
DoorDash,ResearchAndDevelopmentExpense,582000000,2024-01-01,2024-06-30,2025.0,Q2,10-Q,2025-08-06
DoorDash,ResearchAndDevelopmentExpense,303000000,2024-04-01,2024-06-30,2024.0,Q2,10-Q,2024-08-01
DoorDash,ResearchAndDevelopmentExpense,303000000,2024-04-01,2024-06-30,2025.0,Q2,10-Q,2025-08-06
DoorDash,ResearchAndDevelopmentExpense,871000000,2024-01-01,2024-09-30,2024.0,Q3,10-Q,2024-10-30
DoorDash,ResearchAndDevelopmentExpense,871000000,2024-01-01,2024-09-30,2025.0,Q3,10-Q,2025-11-06
DoorDash,ResearchAndDevelopmentExpense,289000000,2024-07-01,2024-09-30,2024.0,Q3,10-Q,2024-10-30
DoorDash,ResearchAndDevelopmentExpense,289000000,2024-07-01,2024-09-30,2025.0,Q3,10-Q,2025-11-06
DoorDash,ResearchAndDevelopmentExpense,1168000000,2024-01-01,2024-12-31,2024.0,FY,10-K,2025-02-14
DoorDash,ResearchAndDevelopmentExpense,1168000000,2024-01-01,2024-12-31,2025.0,FY,10-K,2026-02-18
DoorDash,ResearchAndDevelopmentExpense,1168000000,2024-01-01,2024-12-31,2025.0,FY,10-K/A,2026-05-06
DoorDash,ResearchAndDevelopmentExpense,306000000,2025-01-01,2025-03-31,2025.0,Q1,10-Q,2025-05-07
DoorDash,ResearchAndDevelopmentExpense,306000000,2025-01-01,2025-03-31,2026.0,Q1,10-Q,2026-05-06
DoorDash,ResearchAndDevelopmentExpense,657000000,2025-01-01,2025-06-30,2025.0,Q2,10-Q,2025-08-06
DoorDash,ResearchAndDevelopmentExpense,351000000,2025-04-01,2025-06-30,2025.0,Q2,10-Q,2025-08-06
DoorDash,ResearchAndDevelopmentExpense,1012000000,2025-01-01,2025-09-30,2025.0,Q3,10-Q,2025-11-06
DoorDash,ResearchAndDevelopmentExpense,355000000,2025-07-01,2025-09-30,2025.0,Q3,10-Q,2025-11-06
DoorDash,ResearchAndDevelopmentExpense,1431000000,2025-01-01,2025-12-31,2025.0,FY,10-K,2026-02-18
DoorDash,ResearchAndDevelopmentExpense,1431000000,2025-01-01,2025-12-31,2025.0,FY,10-K/A,2026-05-06
DoorDash,ResearchAndDevelopmentExpense,398000000,2026-01-01,2026-03-31,2026.0,Q1,10-Q,2026-05-06
Uber,Revenues,7932000000,2017-01-01,2017-12-31,2019.0,FY,10-K,2020-03-02
Uber,Revenues,2584000000,2018-01-01,2018-03-31,2019.0,Q1,10-Q,2019-06-04
Uber,Revenues,5352000000,2018-01-01,2018-06-30,2019.0,Q2,10-Q,2019-08-09
Uber,Revenues,2768000000,2018-04-01,2018-06-30,2019.0,Q2,10-Q,2019-08-09
Uber,Revenues,8296000000,2018-01-01,2018-09-30,2019.0,Q3,10-Q,2019-11-05
Uber,Revenues,2944000000,2018-07-01,2018-09-30,2019.0,Q3,10-Q,2019-11-05
Uber,Revenues,11270000000,2018-01-01,2018-12-31,2019.0,FY,10-K,2020-03-02
Uber,Revenues,10433000000,2018-01-01,2018-12-31,,,8-K,2021-01-14
Uber,Revenues,10433000000,2018-01-01,2018-12-31,2020.0,FY,10-K,2021-03-01
Uber,Revenues,3099000000,2019-01-01,2019-03-31,2019.0,Q1,10-Q,2019-06-04
Uber,Revenues,3099000000,2019-01-01,2019-03-31,2020.0,Q1,10-Q,2020-05-08
Uber,Revenues,6265000000,2019-01-01,2019-06-30,2019.0,Q2,10-Q,2019-08-09
Uber,Revenues,6265000000,2019-01-01,2019-06-30,2020.0,Q2,10-Q,2020-08-07
Uber,Revenues,3166000000,2019-04-01,2019-06-30,2019.0,Q2,10-Q,2019-08-09
Uber,Revenues,3166000000,2019-04-01,2019-06-30,2020.0,Q2,10-Q,2020-08-07
Uber,Revenues,10078000000,2019-01-01,2019-09-30,2019.0,Q3,10-Q,2019-11-05
Uber,Revenues,10078000000,2019-01-01,2019-09-30,2020.0,Q3,10-Q,2020-11-06
Uber,Revenues,3813000000,2019-07-01,2019-09-30,2019.0,Q3,10-Q,2019-11-05
Uber,Revenues,3813000000,2019-07-01,2019-09-30,2020.0,Q3,10-Q,2020-11-06
Uber,Revenues,14147000000,2019-01-01,2019-12-31,2019.0,FY,10-K,2020-03-02
Uber,Revenues,13000000000,2019-01-01,2019-12-31,,,8-K,2021-01-14
Uber,Revenues,13000000000,2019-01-01,2019-12-31,2020.0,FY,10-K,2021-03-01
Uber,Revenues,13000000000,2019-01-01,2019-12-31,2021.0,FY,10-K,2022-02-24
Uber,Revenues,3543000000,2020-01-01,2020-03-31,2020.0,Q1,10-Q,2020-05-08
Uber,Revenues,3248000000,2020-01-01,2020-03-31,,,8-K,2021-01-14
Uber,Revenues,3248000000,2020-01-01,2020-03-31,2021.0,Q1,10-Q,2021-05-06
Uber,Revenues,5784000000,2020-01-01,2020-06-30,2020.0,Q2,10-Q,2020-08-07
Uber,Revenues,5161000000,2020-01-01,2020-06-30,2021.0,Q2,10-Q,2021-08-05
Uber,Revenues,2241000000,2020-04-01,2020-06-30,2020.0,Q2,10-Q,2020-08-07
Uber,Revenues,1913000000,2020-04-01,2020-06-30,,,8-K,2021-01-14
Uber,Revenues,1913000000,2020-04-01,2020-06-30,2021.0,Q2,10-Q,2021-08-05
Uber,Revenues,8913000000,2020-01-01,2020-09-30,2020.0,Q3,10-Q,2020-11-06
Uber,Revenues,7974000000,2020-01-01,2020-09-30,2021.0,Q3,10-Q,2021-11-09
Uber,Revenues,3129000000,2020-07-01,2020-09-30,2020.0,Q3,10-Q,2020-11-06
Uber,Revenues,2813000000,2020-07-01,2020-09-30,,,8-K,2021-01-14
Uber,Revenues,2813000000,2020-07-01,2020-09-30,2021.0,Q3,10-Q,2021-11-09
Uber,Revenues,11139000000,2020-01-01,2020-12-31,2020.0,FY,10-K,2021-03-01
Uber,Revenues,11139000000,2020-01-01,2020-12-31,2021.0,FY,10-K,2022-02-24
Uber,Revenues,11139000000,2020-01-01,2020-12-31,2022.0,FY,10-K,2023-02-21
Uber,Revenues,2903000000,2021-01-01,2021-03-31,2021.0,Q1,10-Q,2021-05-06
Uber,Revenues,2903000000,2021-01-01,2021-03-31,2022.0,Q1,10-Q,2022-05-05
Uber,Revenues,6832000000,2021-01-01,2021-06-30,2021.0,Q2,10-Q,2021-08-05
Uber,Revenues,6832000000,2021-01-01,2021-06-30,2022.0,Q2,10-Q,2022-08-04
Uber,Revenues,3929000000,2021-04-01,2021-06-30,2021.0,Q2,10-Q,2021-08-05
Uber,Revenues,3929000000,2021-04-01,2021-06-30,2022.0,Q2,10-Q,2022-08-04
Uber,Revenues,11677000000,2021-01-01,2021-09-30,2021.0,Q3,10-Q,2021-11-09
Uber,Revenues,11677000000,2021-01-01,2021-09-30,2022.0,Q3,10-Q,2022-11-02
Uber,Revenues,4845000000,2021-07-01,2021-09-30,2021.0,Q3,10-Q,2021-11-09
Uber,Revenues,4845000000,2021-07-01,2021-09-30,2022.0,Q3,10-Q,2022-11-02
Uber,Revenues,17455000000,2021-01-01,2021-12-31,2021.0,FY,10-K,2022-02-24
Uber,Revenues,17455000000,2021-01-01,2021-12-31,2022.0,FY,10-K,2023-02-21
Uber,Revenues,17455000000,2021-01-01,2021-12-31,2023.0,FY,10-K,2024-02-15
Uber,Revenues,6854000000,2022-01-01,2022-03-31,2022.0,Q1,10-Q,2022-05-05
Uber,Revenues,6854000000,2022-01-01,2022-03-31,2023.0,Q1,10-Q,2023-05-03
Uber,Revenues,14927000000,2022-01-01,2022-06-30,2022.0,Q2,10-Q,2022-08-04
Uber,Revenues,14927000000,2022-01-01,2022-06-30,2023.0,Q2,10-Q,2023-08-02
Uber,Revenues,8073000000,2022-04-01,2022-06-30,2022.0,Q2,10-Q,2022-08-04
Uber,Revenues,8073000000,2022-04-01,2022-06-30,2023.0,Q2,10-Q,2023-08-02
Uber,Revenues,23270000000,2022-01-01,2022-09-30,2022.0,Q3,10-Q,2022-11-02
Uber,Revenues,23270000000,2022-01-01,2022-09-30,2023.0,Q3,10-Q,2023-11-07
Uber,Revenues,8343000000,2022-07-01,2022-09-30,2022.0,Q3,10-Q,2022-11-02
Uber,Revenues,8343000000,2022-07-01,2022-09-30,2023.0,Q3,10-Q,2023-11-07
Uber,Revenues,31877000000,2022-01-01,2022-12-31,2022.0,FY,10-K,2023-02-21
Uber,Revenues,31877000000,2022-01-01,2022-12-31,2023.0,FY,10-K,2024-02-15
Uber,Revenues,31877000000,2022-01-01,2022-12-31,2024.0,FY,10-K,2025-02-14
Uber,Revenues,8823000000,2023-01-01,2023-03-31,2023.0,Q1,10-Q,2023-05-03
Uber,Revenues,8823000000,2023-01-01,2023-03-31,2024.0,Q1,10-Q,2024-05-08
Uber,Revenues,18053000000,2023-01-01,2023-06-30,2023.0,Q2,10-Q,2023-08-02
Uber,Revenues,18053000000,2023-01-01,2023-06-30,2024.0,Q2,10-Q,2024-08-06
Uber,Revenues,9230000000,2023-04-01,2023-06-30,2023.0,Q2,10-Q,2023-08-02
Uber,Revenues,9230000000,2023-04-01,2023-06-30,2024.0,Q2,10-Q,2024-08-06
Uber,Revenues,27345000000,2023-01-01,2023-09-30,2023.0,Q3,10-Q,2023-11-07
Uber,Revenues,27345000000,2023-01-01,2023-09-30,2024.0,Q3,10-Q,2024-10-31
Uber,Revenues,9292000000,2023-07-01,2023-09-30,2023.0,Q3,10-Q,2023-11-07
Uber,Revenues,9292000000,2023-07-01,2023-09-30,2024.0,Q3,10-Q,2024-10-31
Uber,Revenues,37281000000,2023-01-01,2023-12-31,2023.0,FY,10-K,2024-02-15
Uber,Revenues,37281000000,2023-01-01,2023-12-31,2024.0,FY,10-K,2025-02-14
Uber,Revenues,37281000000,2023-01-01,2023-12-31,2025.0,FY,10-K,2026-02-13
Uber,Revenues,10131000000,2024-01-01,2024-03-31,2024.0,Q1,10-Q,2024-05-08
Uber,Revenues,10131000000,2024-01-01,2024-03-31,2025.0,Q1,10-Q,2025-05-07
Uber,Revenues,10131000000,2024-01-01,2024-03-31,,,8-K,2026-01-12
Uber,Revenues,20831000000,2024-01-01,2024-06-30,2024.0,Q2,10-Q,2024-08-06
Uber,Revenues,20831000000,2024-01-01,2024-06-30,2025.0,Q2,10-Q,2025-08-06
Uber,Revenues,10700000000,2024-04-01,2024-06-30,2024.0,Q2,10-Q,2024-08-06
Uber,Revenues,10700000000,2024-04-01,2024-06-30,2025.0,Q2,10-Q,2025-08-06
Uber,Revenues,10700000000,2024-04-01,2024-06-30,,,8-K,2026-01-12
Uber,Revenues,32019000000,2024-01-01,2024-09-30,2024.0,Q3,10-Q,2024-10-31
Uber,Revenues,32019000000,2024-01-01,2024-09-30,2025.0,Q3,10-Q,2025-11-04
Uber,Revenues,11188000000,2024-07-01,2024-09-30,2024.0,Q3,10-Q,2024-10-31
Uber,Revenues,11188000000,2024-07-01,2024-09-30,2025.0,Q3,10-Q,2025-11-04
Uber,Revenues,11188000000,2024-07-01,2024-09-30,,,8-K,2026-01-12
Uber,Revenues,43978000000,2024-01-01,2024-12-31,2024.0,FY,10-K,2025-02-14
Uber,Revenues,43978000000,2024-01-01,2024-12-31,2025.0,FY,10-K,2026-02-13
Uber,Revenues,11959000000,2024-10-01,2024-12-31,,,8-K,2026-01-12
Uber,Revenues,11533000000,2025-01-01,2025-03-31,2025.0,Q1,10-Q,2025-05-07
Uber,Revenues,11533000000,2025-01-01,2025-03-31,,,8-K,2026-01-12
Uber,Revenues,11533000000,2025-01-01,2025-03-31,2026.0,Q1,10-Q,2026-05-06
Uber,Revenues,24184000000,2025-01-01,2025-06-30,2025.0,Q2,10-Q,2025-08-06
Uber,Revenues,12651000000,2025-04-01,2025-06-30,2025.0,Q2,10-Q,2025-08-06
Uber,Revenues,12651000000,2025-04-01,2025-06-30,,,8-K,2026-01-12
Uber,Revenues,37651000000,2025-01-01,2025-09-30,2025.0,Q3,10-Q,2025-11-04
Uber,Revenues,13467000000,2025-07-01,2025-09-30,2025.0,Q3,10-Q,2025-11-04
Uber,Revenues,13467000000,2025-07-01,2025-09-30,,,8-K,2026-01-12
Uber,Revenues,52017000000,2025-01-01,2025-12-31,2025.0,FY,10-K,2026-02-13
Uber,Revenues,13203000000,2026-01-01,2026-03-31,2026.0,Q1,10-Q,2026-05-06
Uber,OperatingIncomeLoss,-4080000000,2017-01-01,2017-12-31,2019.0,FY,10-K,2020-03-02
Uber,OperatingIncomeLoss,-478000000,2018-01-01,2018-03-31,2019.0,Q1,10-Q,2019-06-04
Uber,OperatingIncomeLoss,-478000000,2018-01-01,2018-03-31,2019.0,Q3,10-Q,2019-11-05
Uber,OperatingIncomeLoss,-1217000000,2018-01-01,2018-06-30,2019.0,Q2,10-Q,2019-08-09
Uber,OperatingIncomeLoss,-739000000,2018-04-01,2018-06-30,2019.0,Q2,10-Q,2019-08-09
Uber,OperatingIncomeLoss,-739000000,2018-04-01,2018-06-30,2019.0,Q3,10-Q,2019-11-05
Uber,OperatingIncomeLoss,-1980000000,2018-01-01,2018-09-30,2019.0,Q3,10-Q,2019-11-05
Uber,OperatingIncomeLoss,-763000000,2018-07-01,2018-09-30,2019.0,Q3,10-Q,2019-11-05
Uber,OperatingIncomeLoss,-3033000000,2018-01-01,2018-12-31,2019.0,FY,10-K,2020-03-02
Uber,OperatingIncomeLoss,-3033000000,2018-01-01,2018-12-31,2020.0,FY,10-K,2021-03-01
Uber,OperatingIncomeLoss,-1034000000,2019-01-01,2019-03-31,2019.0,Q1,10-Q,2019-06-04
Uber,OperatingIncomeLoss,-1034000000,2019-01-01,2019-03-31,2019.0,Q3,10-Q,2019-11-05
Uber,OperatingIncomeLoss,-1034000000,2019-01-01,2019-03-31,2020.0,Q1,10-Q,2020-05-08
Uber,OperatingIncomeLoss,-6519000000,2019-01-01,2019-06-30,2019.0,Q2,10-Q,2019-08-09
Uber,OperatingIncomeLoss,-6519000000,2019-01-01,2019-06-30,2020.0,Q2,10-Q,2020-08-07
Uber,OperatingIncomeLoss,-5485000000,2019-04-01,2019-06-30,2019.0,Q2,10-Q,2019-08-09
Uber,OperatingIncomeLoss,-5485000000,2019-04-01,2019-06-30,2019.0,Q3,10-Q,2019-11-05
Uber,OperatingIncomeLoss,-5485000000,2019-04-01,2019-06-30,2020.0,Q2,10-Q,2020-08-07
Uber,OperatingIncomeLoss,-7625000000,2019-01-01,2019-09-30,2019.0,Q3,10-Q,2019-11-05
Uber,OperatingIncomeLoss,-7625000000,2019-01-01,2019-09-30,2020.0,Q3,10-Q,2020-11-06
Uber,OperatingIncomeLoss,-1106000000,2019-07-01,2019-09-30,2019.0,Q3,10-Q,2019-11-05
Uber,OperatingIncomeLoss,-1106000000,2019-07-01,2019-09-30,2020.0,Q3,10-Q,2020-11-06
Uber,OperatingIncomeLoss,-8596000000,2019-01-01,2019-12-31,2019.0,FY,10-K,2020-03-02
Uber,OperatingIncomeLoss,-8596000000,2019-01-01,2019-12-31,2020.0,FY,10-K,2021-03-01
Uber,OperatingIncomeLoss,-8596000000,2019-01-01,2019-12-31,2021.0,FY,10-K,2022-02-24
Uber,OperatingIncomeLoss,-1263000000,2020-01-01,2020-03-31,2020.0,Q1,10-Q,2020-05-08
Uber,OperatingIncomeLoss,-1263000000,2020-01-01,2020-03-31,2021.0,Q1,10-Q,2021-05-06
Uber,OperatingIncomeLoss,-2870000000,2020-01-01,2020-06-30,2020.0,Q2,10-Q,2020-08-07
Uber,OperatingIncomeLoss,-2870000000,2020-01-01,2020-06-30,2021.0,Q2,10-Q,2021-08-05
Uber,OperatingIncomeLoss,-1607000000,2020-04-01,2020-06-30,2020.0,Q2,10-Q,2020-08-07
Uber,OperatingIncomeLoss,-1607000000,2020-04-01,2020-06-30,2021.0,Q2,10-Q,2021-08-05
Uber,OperatingIncomeLoss,-3986000000,2020-01-01,2020-09-30,2020.0,Q3,10-Q,2020-11-06
Uber,OperatingIncomeLoss,-3986000000,2020-01-01,2020-09-30,2021.0,Q3,10-Q,2021-11-09
Uber,OperatingIncomeLoss,-1116000000,2020-07-01,2020-09-30,2020.0,Q3,10-Q,2020-11-06
Uber,OperatingIncomeLoss,-1116000000,2020-07-01,2020-09-30,2021.0,Q3,10-Q,2021-11-09
Uber,OperatingIncomeLoss,-4863000000,2020-01-01,2020-12-31,2020.0,FY,10-K,2021-03-01
Uber,OperatingIncomeLoss,-4863000000,2020-01-01,2020-12-31,2021.0,FY,10-K,2022-02-24
Uber,OperatingIncomeLoss,-4863000000,2020-01-01,2020-12-31,2022.0,FY,10-K,2023-02-21
Uber,OperatingIncomeLoss,-1524000000,2021-01-01,2021-03-31,2021.0,Q1,10-Q,2021-05-06
Uber,OperatingIncomeLoss,-1524000000,2021-01-01,2021-03-31,2022.0,Q1,10-Q,2022-05-05
Uber,OperatingIncomeLoss,-2712000000,2021-01-01,2021-06-30,2021.0,Q2,10-Q,2021-08-05
Uber,OperatingIncomeLoss,-2712000000,2021-01-01,2021-06-30,2022.0,Q2,10-Q,2022-08-04
Uber,OperatingIncomeLoss,-1188000000,2021-04-01,2021-06-30,2021.0,Q2,10-Q,2021-08-05
Uber,OperatingIncomeLoss,-1188000000,2021-04-01,2021-06-30,2022.0,Q2,10-Q,2022-08-04
Uber,OperatingIncomeLoss,-3284000000,2021-01-01,2021-09-30,2021.0,Q3,10-Q,2021-11-09
Uber,OperatingIncomeLoss,-3284000000,2021-01-01,2021-09-30,2022.0,Q3,10-Q,2022-11-02
Uber,OperatingIncomeLoss,-572000000,2021-07-01,2021-09-30,2021.0,Q3,10-Q,2021-11-09
Uber,OperatingIncomeLoss,-572000000,2021-07-01,2021-09-30,2022.0,Q3,10-Q,2022-11-02
Uber,OperatingIncomeLoss,-3834000000,2021-01-01,2021-12-31,2021.0,FY,10-K,2022-02-24
Uber,OperatingIncomeLoss,-3834000000,2021-01-01,2021-12-31,2022.0,FY,10-K,2023-02-21
Uber,OperatingIncomeLoss,-3834000000,2021-01-01,2021-12-31,2023.0,FY,10-K,2024-02-15
Uber,OperatingIncomeLoss,-482000000,2022-01-01,2022-03-31,2022.0,Q1,10-Q,2022-05-05
Uber,OperatingIncomeLoss,-482000000,2022-01-01,2022-03-31,2023.0,Q1,10-Q,2023-05-03
Uber,OperatingIncomeLoss,-1195000000,2022-01-01,2022-06-30,2022.0,Q2,10-Q,2022-08-04
Uber,OperatingIncomeLoss,-1195000000,2022-01-01,2022-06-30,2023.0,Q2,10-Q,2023-08-02
Uber,OperatingIncomeLoss,-713000000,2022-04-01,2022-06-30,2022.0,Q2,10-Q,2022-08-04
Uber,OperatingIncomeLoss,-713000000,2022-04-01,2022-06-30,2023.0,Q2,10-Q,2023-08-02
Uber,OperatingIncomeLoss,-1690000000,2022-01-01,2022-09-30,2022.0,Q3,10-Q,2022-11-02
Uber,OperatingIncomeLoss,-1690000000,2022-01-01,2022-09-30,2023.0,Q3,10-Q,2023-11-07
Uber,OperatingIncomeLoss,-495000000,2022-07-01,2022-09-30,2022.0,Q3,10-Q,2022-11-02
Uber,OperatingIncomeLoss,-495000000,2022-07-01,2022-09-30,2023.0,Q3,10-Q,2023-11-07
Uber,OperatingIncomeLoss,-1832000000,2022-01-01,2022-12-31,2022.0,FY,10-K,2023-02-21
Uber,OperatingIncomeLoss,-1832000000,2022-01-01,2022-12-31,2023.0,FY,10-K,2024-02-15
Uber,OperatingIncomeLoss,-1832000000,2022-01-01,2022-12-31,2024.0,FY,10-K,2025-02-14
Uber,OperatingIncomeLoss,-262000000,2023-01-01,2023-03-31,2023.0,Q1,10-Q,2023-05-03
Uber,OperatingIncomeLoss,-262000000,2023-01-01,2023-03-31,2024.0,Q1,10-Q,2024-05-08
Uber,OperatingIncomeLoss,64000000,2023-01-01,2023-06-30,2023.0,Q2,10-Q,2023-08-02
Uber,OperatingIncomeLoss,64000000,2023-01-01,2023-06-30,2024.0,Q2,10-Q,2024-08-06
Uber,OperatingIncomeLoss,326000000,2023-04-01,2023-06-30,2023.0,Q2,10-Q,2023-08-02
Uber,OperatingIncomeLoss,326000000,2023-04-01,2023-06-30,2024.0,Q2,10-Q,2024-08-06
Uber,OperatingIncomeLoss,458000000,2023-01-01,2023-09-30,2023.0,Q3,10-Q,2023-11-07
Uber,OperatingIncomeLoss,458000000,2023-01-01,2023-09-30,2024.0,Q3,10-Q,2024-10-31
Uber,OperatingIncomeLoss,394000000,2023-07-01,2023-09-30,2023.0,Q3,10-Q,2023-11-07
Uber,OperatingIncomeLoss,394000000,2023-07-01,2023-09-30,2024.0,Q3,10-Q,2024-10-31
Uber,OperatingIncomeLoss,1110000000,2023-01-01,2023-12-31,2023.0,FY,10-K,2024-02-15
Uber,OperatingIncomeLoss,1110000000,2023-01-01,2023-12-31,2024.0,FY,10-K,2025-02-14
Uber,OperatingIncomeLoss,1110000000,2023-01-01,2023-12-31,2025.0,FY,10-K,2026-02-13
Uber,OperatingIncomeLoss,172000000,2024-01-01,2024-03-31,2024.0,Q1,10-Q,2024-05-08
Uber,OperatingIncomeLoss,172000000,2024-01-01,2024-03-31,2025.0,Q1,10-Q,2025-05-07
Uber,OperatingIncomeLoss,172000000,2024-01-01,2024-03-31,,,8-K,2026-01-12
Uber,OperatingIncomeLoss,968000000,2024-01-01,2024-06-30,2024.0,Q2,10-Q,2024-08-06
Uber,OperatingIncomeLoss,968000000,2024-01-01,2024-06-30,2025.0,Q2,10-Q,2025-08-06
Uber,OperatingIncomeLoss,796000000,2024-04-01,2024-06-30,2024.0,Q2,10-Q,2024-08-06
Uber,OperatingIncomeLoss,796000000,2024-04-01,2024-06-30,2025.0,Q2,10-Q,2025-08-06
Uber,OperatingIncomeLoss,796000000,2024-04-01,2024-06-30,,,8-K,2026-01-12
Uber,OperatingIncomeLoss,2029000000,2024-01-01,2024-09-30,2024.0,Q3,10-Q,2024-10-31
Uber,OperatingIncomeLoss,2029000000,2024-01-01,2024-09-30,2025.0,Q3,10-Q,2025-11-04
Uber,OperatingIncomeLoss,1061000000,2024-07-01,2024-09-30,2024.0,Q3,10-Q,2024-10-31
Uber,OperatingIncomeLoss,1061000000,2024-07-01,2024-09-30,2025.0,Q3,10-Q,2025-11-04
Uber,OperatingIncomeLoss,1061000000,2024-07-01,2024-09-30,,,8-K,2026-01-12
Uber,OperatingIncomeLoss,2799000000,2024-01-01,2024-12-31,2024.0,FY,10-K,2025-02-14
Uber,OperatingIncomeLoss,2799000000,2024-01-01,2024-12-31,2025.0,FY,10-K,2026-02-13
Uber,OperatingIncomeLoss,770000000,2024-10-01,2024-12-31,,,8-K,2026-01-12
Uber,OperatingIncomeLoss,1228000000,2025-01-01,2025-03-31,2025.0,Q1,10-Q,2025-05-07
Uber,OperatingIncomeLoss,1228000000,2025-01-01,2025-03-31,,,8-K,2026-01-12
Uber,OperatingIncomeLoss,1228000000,2025-01-01,2025-03-31,2026.0,Q1,10-Q,2026-05-06
Uber,OperatingIncomeLoss,2678000000,2025-01-01,2025-06-30,2025.0,Q2,10-Q,2025-08-06
Uber,OperatingIncomeLoss,1450000000,2025-04-01,2025-06-30,2025.0,Q2,10-Q,2025-08-06
Uber,OperatingIncomeLoss,1450000000,2025-04-01,2025-06-30,,,8-K,2026-01-12
Uber,OperatingIncomeLoss,3791000000,2025-01-01,2025-09-30,2025.0,Q3,10-Q,2025-11-04
Uber,OperatingIncomeLoss,1113000000,2025-07-01,2025-09-30,2025.0,Q3,10-Q,2025-11-04
Uber,OperatingIncomeLoss,1113000000,2025-07-01,2025-09-30,,,8-K,2026-01-12
Uber,OperatingIncomeLoss,5565000000,2025-01-01,2025-12-31,2025.0,FY,10-K,2026-02-13
Uber,OperatingIncomeLoss,1923000000,2026-01-01,2026-03-31,2026.0,Q1,10-Q,2026-05-06
Uber,NetIncomeLoss,-4033000000,2017-01-01,2017-12-31,2019.0,FY,10-K,2020-03-02
Uber,NetIncomeLoss,3748000000,2018-01-01,2018-03-31,2019.0,Q1,10-Q,2019-06-04
Uber,NetIncomeLoss,3748000000,2018-01-01,2018-03-31,2019.0,Q2,10-Q,2019-08-09
Uber,NetIncomeLoss,2870000000,2018-01-01,2018-06-30,2019.0,Q2,10-Q,2019-08-09
Uber,NetIncomeLoss,-878000000,2018-04-01,2018-06-30,2019.0,Q2,10-Q,2019-08-09
Uber,NetIncomeLoss,1884000000,2018-01-01,2018-09-30,2019.0,Q3,10-Q,2019-11-05
Uber,NetIncomeLoss,-986000000,2018-07-01,2018-09-30,2019.0,Q3,10-Q,2019-11-05
Uber,NetIncomeLoss,997000000,2018-01-01,2018-12-31,2019.0,FY,10-K,2020-03-02
Uber,NetIncomeLoss,997000000,2018-01-01,2018-12-31,2020.0,FY,10-K,2021-03-01
Uber,NetIncomeLoss,-1012000000,2019-01-01,2019-03-31,2019.0,Q1,10-Q,2019-06-04
Uber,NetIncomeLoss,-1012000000,2019-01-01,2019-03-31,2019.0,Q2,10-Q,2019-08-09
Uber,NetIncomeLoss,-1012000000,2019-01-01,2019-03-31,2020.0,Q1,10-Q,2020-05-08
Uber,NetIncomeLoss,-6248000000,2019-01-01,2019-06-30,2019.0,Q2,10-Q,2019-08-09
Uber,NetIncomeLoss,-6248000000,2019-01-01,2019-06-30,2020.0,Q2,10-Q,2020-08-07
Uber,NetIncomeLoss,-5236000000,2019-04-01,2019-06-30,2019.0,Q2,10-Q,2019-08-09
Uber,NetIncomeLoss,-5236000000,2019-04-01,2019-06-30,2020.0,Q2,10-Q,2020-08-07
Uber,NetIncomeLoss,-7410000000,2019-01-01,2019-09-30,2019.0,Q3,10-Q,2019-11-05
Uber,NetIncomeLoss,-7410000000,2019-01-01,2019-09-30,2020.0,Q3,10-Q,2020-11-06
Uber,NetIncomeLoss,-1162000000,2019-07-01,2019-09-30,2019.0,Q3,10-Q,2019-11-05
Uber,NetIncomeLoss,-1162000000,2019-07-01,2019-09-30,2020.0,Q3,10-Q,2020-11-06
Uber,NetIncomeLoss,-8506000000,2019-01-01,2019-12-31,2019.0,FY,10-K,2020-03-02
Uber,NetIncomeLoss,-8506000000,2019-01-01,2019-12-31,2020.0,FY,10-K,2021-03-01
Uber,NetIncomeLoss,-8506000000,2019-01-01,2019-12-31,2021.0,FY,10-K,2022-02-24
Uber,NetIncomeLoss,-2936000000,2020-01-01,2020-03-31,2020.0,Q1,10-Q,2020-05-08
Uber,NetIncomeLoss,-2936000000,2020-01-01,2020-03-31,2021.0,Q1,10-Q,2021-05-06
Uber,NetIncomeLoss,-4711000000,2020-01-01,2020-06-30,2020.0,Q2,10-Q,2020-08-07
Uber,NetIncomeLoss,-4711000000,2020-01-01,2020-06-30,2021.0,Q2,10-Q,2021-08-05
Uber,NetIncomeLoss,-1775000000,2020-04-01,2020-06-30,2020.0,Q2,10-Q,2020-08-07
Uber,NetIncomeLoss,-1775000000,2020-04-01,2020-06-30,2021.0,Q2,10-Q,2021-08-05
Uber,NetIncomeLoss,-5799000000,2020-01-01,2020-09-30,2020.0,Q3,10-Q,2020-11-06
Uber,NetIncomeLoss,-5799000000,2020-01-01,2020-09-30,2021.0,Q3,10-Q,2021-11-09
Uber,NetIncomeLoss,-1089000000,2020-07-01,2020-09-30,2020.0,Q3,10-Q,2020-11-06
Uber,NetIncomeLoss,-1089000000,2020-07-01,2020-09-30,2021.0,Q3,10-Q,2021-11-09
Uber,NetIncomeLoss,-6768000000,2020-01-01,2020-12-31,2020.0,FY,10-K,2021-03-01
Uber,NetIncomeLoss,-6768000000,2020-01-01,2020-12-31,2021.0,FY,10-K,2022-02-24
Uber,NetIncomeLoss,-6768000000,2020-01-01,2020-12-31,2022.0,FY,10-K,2023-02-21
Uber,NetIncomeLoss,-108000000,2021-01-01,2021-03-31,2021.0,Q1,10-Q,2021-05-06
Uber,NetIncomeLoss,-108000000,2021-01-01,2021-03-31,2022.0,Q1,10-Q,2022-05-05
Uber,NetIncomeLoss,1036000000,2021-01-01,2021-06-30,2021.0,Q2,10-Q,2021-08-05
Uber,NetIncomeLoss,1036000000,2021-01-01,2021-06-30,2022.0,Q2,10-Q,2022-08-04
Uber,NetIncomeLoss,1144000000,2021-04-01,2021-06-30,2021.0,Q2,10-Q,2021-08-05
Uber,NetIncomeLoss,1144000000,2021-04-01,2021-06-30,2022.0,Q2,10-Q,2022-08-04
Uber,NetIncomeLoss,-1388000000,2021-01-01,2021-09-30,2021.0,Q3,10-Q,2021-11-09
Uber,NetIncomeLoss,-1388000000,2021-01-01,2021-09-30,2022.0,Q3,10-Q,2022-11-02
Uber,NetIncomeLoss,-2424000000,2021-07-01,2021-09-30,2021.0,Q3,10-Q,2021-11-09
Uber,NetIncomeLoss,-2424000000,2021-07-01,2021-09-30,2022.0,Q3,10-Q,2022-11-02
Uber,NetIncomeLoss,-496000000,2021-01-01,2021-12-31,2021.0,FY,10-K,2022-02-24
Uber,NetIncomeLoss,-496000000,2021-01-01,2021-12-31,2022.0,FY,10-K,2023-02-21
Uber,NetIncomeLoss,-496000000,2021-01-01,2021-12-31,2023.0,FY,10-K,2024-02-15
Uber,NetIncomeLoss,-496000000,2021-01-01,2021-12-31,,,DEFR14A,2026-04-20
Uber,NetIncomeLoss,-5930000000,2022-01-01,2022-03-31,2022.0,Q1,10-Q,2022-05-05
Uber,NetIncomeLoss,-5930000000,2022-01-01,2022-03-31,2023.0,Q1,10-Q,2023-05-03
Uber,NetIncomeLoss,-8530000000,2022-01-01,2022-06-30,2022.0,Q2,10-Q,2022-08-04
Uber,NetIncomeLoss,-8530000000,2022-01-01,2022-06-30,2023.0,Q2,10-Q,2023-08-02
Uber,NetIncomeLoss,-2601000000,2022-04-01,2022-06-30,2022.0,Q2,10-Q,2022-08-04
Uber,NetIncomeLoss,-2601000000,2022-04-01,2022-06-30,2023.0,Q2,10-Q,2023-08-02
Uber,NetIncomeLoss,-9736000000,2022-01-01,2022-09-30,2022.0,Q3,10-Q,2022-11-02
Uber,NetIncomeLoss,-9736000000,2022-01-01,2022-09-30,2023.0,Q3,10-Q,2023-11-07
Uber,NetIncomeLoss,-1206000000,2022-07-01,2022-09-30,2022.0,Q3,10-Q,2022-11-02
Uber,NetIncomeLoss,-1206000000,2022-07-01,2022-09-30,2023.0,Q3,10-Q,2023-11-07
Uber,NetIncomeLoss,-9141000000,2022-01-01,2022-12-31,2022.0,FY,10-K,2023-02-21
Uber,NetIncomeLoss,-9141000000,2022-01-01,2022-12-31,2023.0,FY,10-K,2024-02-15
Uber,NetIncomeLoss,-9141000000,2022-01-01,2022-12-31,2024.0,FY,10-K,2025-02-14
Uber,NetIncomeLoss,-9141000000,2022-01-01,2022-12-31,,,DEFR14A,2026-04-20
Uber,NetIncomeLoss,-157000000,2023-01-01,2023-03-31,2023.0,Q1,10-Q,2023-05-03
Uber,NetIncomeLoss,-157000000,2023-01-01,2023-03-31,2024.0,Q1,10-Q,2024-05-08
Uber,NetIncomeLoss,237000000,2023-01-01,2023-06-30,2023.0,Q2,10-Q,2023-08-02
Uber,NetIncomeLoss,237000000,2023-01-01,2023-06-30,2024.0,Q2,10-Q,2024-08-06
Uber,NetIncomeLoss,394000000,2023-04-01,2023-06-30,2023.0,Q2,10-Q,2023-08-02
Uber,NetIncomeLoss,394000000,2023-04-01,2023-06-30,2024.0,Q2,10-Q,2024-08-06
Uber,NetIncomeLoss,458000000,2023-01-01,2023-09-30,2023.0,Q3,10-Q,2023-11-07
Uber,NetIncomeLoss,458000000,2023-01-01,2023-09-30,2024.0,Q3,10-Q,2024-10-31
Uber,NetIncomeLoss,221000000,2023-07-01,2023-09-30,2023.0,Q3,10-Q,2023-11-07
Uber,NetIncomeLoss,221000000,2023-07-01,2023-09-30,2024.0,Q3,10-Q,2024-10-31
Uber,NetIncomeLoss,1887000000,2023-01-01,2023-12-31,2023.0,FY,10-K,2024-02-15
Uber,NetIncomeLoss,1887000000,2023-01-01,2023-12-31,2024.0,FY,10-K,2025-02-14
Uber,NetIncomeLoss,1887000000,2023-01-01,2023-12-31,2025.0,FY,10-K,2026-02-13
Uber,NetIncomeLoss,1887000000,2023-01-01,2023-12-31,,,DEFR14A,2026-04-20
Uber,NetIncomeLoss,-654000000,2024-01-01,2024-03-31,2024.0,Q1,10-Q,2024-05-08
Uber,NetIncomeLoss,-654000000,2024-01-01,2024-03-31,2025.0,Q1,10-Q,2025-05-07
Uber,NetIncomeLoss,-654000000,2024-01-01,2024-03-31,,,8-K,2026-01-12
Uber,NetIncomeLoss,361000000,2024-01-01,2024-06-30,2024.0,Q2,10-Q,2024-08-06
Uber,NetIncomeLoss,361000000,2024-01-01,2024-06-30,2025.0,Q2,10-Q,2025-08-06
Uber,NetIncomeLoss,1015000000,2024-04-01,2024-06-30,2024.0,Q2,10-Q,2024-08-06
Uber,NetIncomeLoss,1015000000,2024-04-01,2024-06-30,2025.0,Q2,10-Q,2025-08-06
Uber,NetIncomeLoss,1015000000,2024-04-01,2024-06-30,,,8-K,2026-01-12
Uber,NetIncomeLoss,2973000000,2024-01-01,2024-09-30,2024.0,Q3,10-Q,2024-10-31
Uber,NetIncomeLoss,2973000000,2024-01-01,2024-09-30,2025.0,Q3,10-Q,2025-11-04
Uber,NetIncomeLoss,2612000000,2024-07-01,2024-09-30,2024.0,Q3,10-Q,2024-10-31
Uber,NetIncomeLoss,2612000000,2024-07-01,2024-09-30,2025.0,Q3,10-Q,2025-11-04
Uber,NetIncomeLoss,2612000000,2024-07-01,2024-09-30,,,8-K,2026-01-12
Uber,NetIncomeLoss,9856000000,2024-01-01,2024-12-31,2024.0,FY,10-K,2025-02-14
Uber,NetIncomeLoss,9856000000,2024-01-01,2024-12-31,2025.0,FY,10-K,2026-02-13
Uber,NetIncomeLoss,9856000000,2024-01-01,2024-12-31,,,DEFR14A,2026-04-20
Uber,NetIncomeLoss,6883000000,2024-10-01,2024-12-31,,,8-K,2026-01-12
Uber,NetIncomeLoss,1776000000,2025-01-01,2025-03-31,2025.0,Q1,10-Q,2025-05-07
Uber,NetIncomeLoss,1776000000,2025-01-01,2025-03-31,,,8-K,2026-01-12
Uber,NetIncomeLoss,1776000000,2025-01-01,2025-03-31,2026.0,Q1,10-Q,2026-05-06
Uber,NetIncomeLoss,3131000000,2025-01-01,2025-06-30,2025.0,Q2,10-Q,2025-08-06
Uber,NetIncomeLoss,1355000000,2025-04-01,2025-06-30,2025.0,Q2,10-Q,2025-08-06
Uber,NetIncomeLoss,1355000000,2025-04-01,2025-06-30,,,8-K,2026-01-12
Uber,NetIncomeLoss,9757000000,2025-01-01,2025-09-30,2025.0,Q3,10-Q,2025-11-04
Uber,NetIncomeLoss,6626000000,2025-07-01,2025-09-30,2025.0,Q3,10-Q,2025-11-04
Uber,NetIncomeLoss,6626000000,2025-07-01,2025-09-30,,,8-K,2026-01-12
Uber,NetIncomeLoss,10053000000,2025-01-01,2025-12-31,2025.0,FY,10-K,2026-02-13
Uber,NetIncomeLoss,10053000000,2025-01-01,2025-12-31,,,DEFR14A,2026-04-20
Uber,NetIncomeLoss,263000000,2026-01-01,2026-03-31,2026.0,Q1,10-Q,2026-05-06
Uber,ResearchAndDevelopmentExpense,1201000000,2017-01-01,2017-12-31,2019.0,FY,10-K,2020-03-02
Uber,ResearchAndDevelopmentExpense,340000000,2018-01-01,2018-03-31,2019.0,Q1,10-Q,2019-06-04
Uber,ResearchAndDevelopmentExpense,705000000,2018-01-01,2018-06-30,2019.0,Q2,10-Q,2019-08-09
Uber,ResearchAndDevelopmentExpense,365000000,2018-04-01,2018-06-30,2019.0,Q2,10-Q,2019-08-09
Uber,ResearchAndDevelopmentExpense,1139000000,2018-01-01,2018-09-30,2019.0,Q3,10-Q,2019-11-05
Uber,ResearchAndDevelopmentExpense,434000000,2018-07-01,2018-09-30,2019.0,Q3,10-Q,2019-11-05
Uber,ResearchAndDevelopmentExpense,1505000000,2018-01-01,2018-12-31,2019.0,FY,10-K,2020-03-02
Uber,ResearchAndDevelopmentExpense,1505000000,2018-01-01,2018-12-31,2020.0,FY,10-K,2021-03-01
Uber,ResearchAndDevelopmentExpense,409000000,2019-01-01,2019-03-31,2019.0,Q1,10-Q,2019-06-04
Uber,ResearchAndDevelopmentExpense,409000000,2019-01-01,2019-03-31,2020.0,Q1,10-Q,2020-05-08
Uber,ResearchAndDevelopmentExpense,3473000000,2019-01-01,2019-06-30,2019.0,Q2,10-Q,2019-08-09
Uber,ResearchAndDevelopmentExpense,3473000000,2019-01-01,2019-06-30,2020.0,Q2,10-Q,2020-08-07
Uber,ResearchAndDevelopmentExpense,3064000000,2019-04-01,2019-06-30,2019.0,Q2,10-Q,2019-08-09
Uber,ResearchAndDevelopmentExpense,3064000000,2019-04-01,2019-06-30,2020.0,Q2,10-Q,2020-08-07
Uber,ResearchAndDevelopmentExpense,4228000000,2019-01-01,2019-09-30,2019.0,Q3,10-Q,2019-11-05
Uber,ResearchAndDevelopmentExpense,4228000000,2019-01-01,2019-09-30,2020.0,Q3,10-Q,2020-11-06
Uber,ResearchAndDevelopmentExpense,755000000,2019-07-01,2019-09-30,2019.0,Q3,10-Q,2019-11-05
Uber,ResearchAndDevelopmentExpense,755000000,2019-07-01,2019-09-30,2020.0,Q3,10-Q,2020-11-06
Uber,ResearchAndDevelopmentExpense,4836000000,2019-01-01,2019-12-31,2019.0,FY,10-K,2020-03-02
Uber,ResearchAndDevelopmentExpense,4836000000,2019-01-01,2019-12-31,2020.0,FY,10-K,2021-03-01
Uber,ResearchAndDevelopmentExpense,4836000000,2019-01-01,2019-12-31,2021.0,FY,10-K,2022-02-24
Uber,ResearchAndDevelopmentExpense,645000000,2020-01-01,2020-03-31,2020.0,Q1,10-Q,2020-05-08
Uber,ResearchAndDevelopmentExpense,645000000,2020-01-01,2020-03-31,2021.0,Q1,10-Q,2021-05-06
Uber,ResearchAndDevelopmentExpense,1229000000,2020-01-01,2020-06-30,2020.0,Q2,10-Q,2020-08-07
Uber,ResearchAndDevelopmentExpense,1229000000,2020-01-01,2020-06-30,2021.0,Q2,10-Q,2021-08-05
Uber,ResearchAndDevelopmentExpense,584000000,2020-04-01,2020-06-30,2020.0,Q2,10-Q,2020-08-07
Uber,ResearchAndDevelopmentExpense,584000000,2020-04-01,2020-06-30,2021.0,Q2,10-Q,2021-08-05
Uber,ResearchAndDevelopmentExpense,1722000000,2020-01-01,2020-09-30,2020.0,Q3,10-Q,2020-11-06
Uber,ResearchAndDevelopmentExpense,1722000000,2020-01-01,2020-09-30,2021.0,Q3,10-Q,2021-11-09
Uber,ResearchAndDevelopmentExpense,493000000,2020-07-01,2020-09-30,2020.0,Q3,10-Q,2020-11-06
Uber,ResearchAndDevelopmentExpense,493000000,2020-07-01,2020-09-30,2021.0,Q3,10-Q,2021-11-09
Uber,ResearchAndDevelopmentExpense,2205000000,2020-01-01,2020-12-31,2020.0,FY,10-K,2021-03-01
Uber,ResearchAndDevelopmentExpense,2205000000,2020-01-01,2020-12-31,2021.0,FY,10-K,2022-02-24
Uber,ResearchAndDevelopmentExpense,2205000000,2020-01-01,2020-12-31,2022.0,FY,10-K,2023-02-21
Uber,ResearchAndDevelopmentExpense,515000000,2021-01-01,2021-03-31,2021.0,Q1,10-Q,2021-05-06
Uber,ResearchAndDevelopmentExpense,515000000,2021-01-01,2021-03-31,2022.0,Q1,10-Q,2022-05-05
Uber,ResearchAndDevelopmentExpense,1003000000,2021-01-01,2021-06-30,2021.0,Q2,10-Q,2021-08-05
Uber,ResearchAndDevelopmentExpense,1003000000,2021-01-01,2021-06-30,2022.0,Q2,10-Q,2022-08-04
Uber,ResearchAndDevelopmentExpense,488000000,2021-04-01,2021-06-30,2021.0,Q2,10-Q,2021-08-05
Uber,ResearchAndDevelopmentExpense,488000000,2021-04-01,2021-06-30,2022.0,Q2,10-Q,2022-08-04
Uber,ResearchAndDevelopmentExpense,1496000000,2021-01-01,2021-09-30,2021.0,Q3,10-Q,2021-11-09
Uber,ResearchAndDevelopmentExpense,1496000000,2021-01-01,2021-09-30,2022.0,Q3,10-Q,2022-11-02
Uber,ResearchAndDevelopmentExpense,493000000,2021-07-01,2021-09-30,2021.0,Q3,10-Q,2021-11-09
Uber,ResearchAndDevelopmentExpense,493000000,2021-07-01,2021-09-30,2022.0,Q3,10-Q,2022-11-02
Uber,ResearchAndDevelopmentExpense,2054000000,2021-01-01,2021-12-31,2021.0,FY,10-K,2022-02-24
Uber,ResearchAndDevelopmentExpense,2054000000,2021-01-01,2021-12-31,2022.0,FY,10-K,2023-02-21
Uber,ResearchAndDevelopmentExpense,2054000000,2021-01-01,2021-12-31,2023.0,FY,10-K,2024-02-15
Uber,ResearchAndDevelopmentExpense,587000000,2022-01-01,2022-03-31,2022.0,Q1,10-Q,2022-05-05
Uber,ResearchAndDevelopmentExpense,587000000,2022-01-01,2022-03-31,2023.0,Q1,10-Q,2023-05-03
Uber,ResearchAndDevelopmentExpense,1291000000,2022-01-01,2022-06-30,2022.0,Q2,10-Q,2022-08-04
Uber,ResearchAndDevelopmentExpense,1291000000,2022-01-01,2022-06-30,2023.0,Q2,10-Q,2023-08-02
Uber,ResearchAndDevelopmentExpense,704000000,2022-04-01,2022-06-30,2022.0,Q2,10-Q,2022-08-04
Uber,ResearchAndDevelopmentExpense,704000000,2022-04-01,2022-06-30,2023.0,Q2,10-Q,2023-08-02
Uber,ResearchAndDevelopmentExpense,2051000000,2022-01-01,2022-09-30,2022.0,Q3,10-Q,2022-11-02
Uber,ResearchAndDevelopmentExpense,2051000000,2022-01-01,2022-09-30,2023.0,Q3,10-Q,2023-11-07
Uber,ResearchAndDevelopmentExpense,760000000,2022-07-01,2022-09-30,2022.0,Q3,10-Q,2022-11-02
Uber,ResearchAndDevelopmentExpense,760000000,2022-07-01,2022-09-30,2023.0,Q3,10-Q,2023-11-07
Uber,ResearchAndDevelopmentExpense,2798000000,2022-01-01,2022-12-31,2022.0,FY,10-K,2023-02-21
Uber,ResearchAndDevelopmentExpense,2798000000,2022-01-01,2022-12-31,2023.0,FY,10-K,2024-02-15
Uber,ResearchAndDevelopmentExpense,2798000000,2022-01-01,2022-12-31,2024.0,FY,10-K,2025-02-14
Uber,ResearchAndDevelopmentExpense,775000000,2023-01-01,2023-03-31,2023.0,Q1,10-Q,2023-05-03
Uber,ResearchAndDevelopmentExpense,775000000,2023-01-01,2023-03-31,2024.0,Q1,10-Q,2024-05-08
Uber,ResearchAndDevelopmentExpense,1583000000,2023-01-01,2023-06-30,2023.0,Q2,10-Q,2023-08-02
Uber,ResearchAndDevelopmentExpense,1583000000,2023-01-01,2023-06-30,2024.0,Q2,10-Q,2024-08-06
Uber,ResearchAndDevelopmentExpense,808000000,2023-04-01,2023-06-30,2023.0,Q2,10-Q,2023-08-02
Uber,ResearchAndDevelopmentExpense,808000000,2023-04-01,2023-06-30,2024.0,Q2,10-Q,2024-08-06
Uber,ResearchAndDevelopmentExpense,2380000000,2023-01-01,2023-09-30,2023.0,Q3,10-Q,2023-11-07
Uber,ResearchAndDevelopmentExpense,2380000000,2023-01-01,2023-09-30,2024.0,Q3,10-Q,2024-10-31
Uber,ResearchAndDevelopmentExpense,797000000,2023-07-01,2023-09-30,2023.0,Q3,10-Q,2023-11-07
Uber,ResearchAndDevelopmentExpense,797000000,2023-07-01,2023-09-30,2024.0,Q3,10-Q,2024-10-31
Uber,ResearchAndDevelopmentExpense,3164000000,2023-01-01,2023-12-31,2023.0,FY,10-K,2024-02-15
Uber,ResearchAndDevelopmentExpense,3164000000,2023-01-01,2023-12-31,2024.0,FY,10-K,2025-02-14
Uber,ResearchAndDevelopmentExpense,3164000000,2023-01-01,2023-12-31,2025.0,FY,10-K,2026-02-13
Uber,ResearchAndDevelopmentExpense,790000000,2024-01-01,2024-03-31,2024.0,Q1,10-Q,2024-05-08
Uber,ResearchAndDevelopmentExpense,790000000,2024-01-01,2024-03-31,2025.0,Q1,10-Q,2025-05-07
Uber,ResearchAndDevelopmentExpense,790000000,2024-01-01,2024-03-31,,,8-K,2026-01-12
Uber,ResearchAndDevelopmentExpense,1550000000,2024-01-01,2024-06-30,2024.0,Q2,10-Q,2024-08-06
Uber,ResearchAndDevelopmentExpense,1550000000,2024-01-01,2024-06-30,2025.0,Q2,10-Q,2025-08-06
Uber,ResearchAndDevelopmentExpense,760000000,2024-04-01,2024-06-30,2024.0,Q2,10-Q,2024-08-06
Uber,ResearchAndDevelopmentExpense,760000000,2024-04-01,2024-06-30,2025.0,Q2,10-Q,2025-08-06
Uber,ResearchAndDevelopmentExpense,760000000,2024-04-01,2024-06-30,,,8-K,2026-01-12
Uber,ResearchAndDevelopmentExpense,2324000000,2024-01-01,2024-09-30,2024.0,Q3,10-Q,2024-10-31
Uber,ResearchAndDevelopmentExpense,2324000000,2024-01-01,2024-09-30,2025.0,Q3,10-Q,2025-11-04
Uber,ResearchAndDevelopmentExpense,774000000,2024-07-01,2024-09-30,2024.0,Q3,10-Q,2024-10-31
Uber,ResearchAndDevelopmentExpense,774000000,2024-07-01,2024-09-30,2025.0,Q3,10-Q,2025-11-04
Uber,ResearchAndDevelopmentExpense,774000000,2024-07-01,2024-09-30,,,8-K,2026-01-12
Uber,ResearchAndDevelopmentExpense,3109000000,2024-01-01,2024-12-31,2024.0,FY,10-K,2025-02-14
Uber,ResearchAndDevelopmentExpense,3109000000,2024-01-01,2024-12-31,2025.0,FY,10-K,2026-02-13
Uber,ResearchAndDevelopmentExpense,785000000,2024-10-01,2024-12-31,,,8-K,2026-01-12
Uber,ResearchAndDevelopmentExpense,815000000,2025-01-01,2025-03-31,2025.0,Q1,10-Q,2025-05-07
Uber,ResearchAndDevelopmentExpense,815000000,2025-01-01,2025-03-31,,,8-K,2026-01-12
Uber,ResearchAndDevelopmentExpense,815000000,2025-01-01,2025-03-31,2026.0,Q1,10-Q,2026-05-06
Uber,ResearchAndDevelopmentExpense,1655000000,2025-01-01,2025-06-30,2025.0,Q2,10-Q,2025-08-06
Uber,ResearchAndDevelopmentExpense,840000000,2025-04-01,2025-06-30,2025.0,Q2,10-Q,2025-08-06
Uber,ResearchAndDevelopmentExpense,840000000,2025-04-01,2025-06-30,,,8-K,2026-01-12
Uber,ResearchAndDevelopmentExpense,2517000000,2025-01-01,2025-09-30,2025.0,Q3,10-Q,2025-11-04
Uber,ResearchAndDevelopmentExpense,862000000,2025-07-01,2025-09-30,2025.0,Q3,10-Q,2025-11-04
Uber,ResearchAndDevelopmentExpense,862000000,2025-07-01,2025-09-30,,,8-K,2026-01-12
Uber,ResearchAndDevelopmentExpense,3402000000,2025-01-01,2025-12-31,2025.0,FY,10-K,2026-02-13
Uber,ResearchAndDevelopmentExpense,951000000,2026-01-01,2026-03-31,2026.0,Q1,10-Q,2026-05-06
Instacart,OperatingIncomeLoss,-86000000,2021-01-01,2021-12-31,2023.0,FY,10-K,2024-03-05
Instacart,OperatingIncomeLoss,-40000000,2022-01-01,2022-09-30,2023.0,Q3,10-Q,2023-11-13
Instacart,OperatingIncomeLoss,33000000,2022-07-01,2022-09-30,2023.0,Q3,10-Q,2023-11-13
Instacart,OperatingIncomeLoss,62000000,2022-01-01,2022-12-31,2023.0,FY,10-K,2024-03-05
Instacart,OperatingIncomeLoss,62000000,2022-01-01,2022-12-31,2024.0,FY,10-K,2025-02-28
Instacart,OperatingIncomeLoss,150000000,2023-01-01,2023-03-31,2024.0,Q1,10-Q,2024-05-10
Instacart,OperatingIncomeLoss,269000000,2023-01-01,2023-06-30,2024.0,Q2,10-Q,2024-08-09
Instacart,OperatingIncomeLoss,119000000,2023-04-01,2023-06-30,2024.0,Q2,10-Q,2024-08-09
Instacart,OperatingIncomeLoss,-2188000000,2023-01-01,2023-09-30,2023.0,Q3,10-Q,2023-11-13
Instacart,OperatingIncomeLoss,-2188000000,2023-01-01,2023-09-30,2024.0,Q3,10-Q,2024-11-13
Instacart,OperatingIncomeLoss,-2457000000,2023-07-01,2023-09-30,2023.0,Q3,10-Q,2023-11-13
Instacart,OperatingIncomeLoss,-2457000000,2023-07-01,2023-09-30,2024.0,Q3,10-Q,2024-11-13
Instacart,OperatingIncomeLoss,-2142000000,2023-01-01,2023-12-31,2023.0,FY,10-K,2024-03-05
Instacart,OperatingIncomeLoss,-2142000000,2023-01-01,2023-12-31,2024.0,FY,10-K,2025-02-28
Instacart,OperatingIncomeLoss,-2142000000,2023-01-01,2023-12-31,2025.0,FY,10-K,2026-02-26
Instacart,OperatingIncomeLoss,144000000,2024-01-01,2024-03-31,2024.0,Q1,10-Q,2024-05-10
Instacart,OperatingIncomeLoss,144000000,2024-01-01,2024-03-31,2025.0,Q1,10-Q,2025-05-08
Instacart,OperatingIncomeLoss,196000000,2024-01-01,2024-06-30,2024.0,Q2,10-Q,2024-08-09
Instacart,OperatingIncomeLoss,196000000,2024-01-01,2024-06-30,2025.0,Q2,10-Q,2025-08-08
Instacart,OperatingIncomeLoss,52000000,2024-04-01,2024-06-30,2024.0,Q2,10-Q,2024-08-09
Instacart,OperatingIncomeLoss,52000000,2024-04-01,2024-06-30,2025.0,Q2,10-Q,2025-08-08
Instacart,OperatingIncomeLoss,334000000,2024-01-01,2024-09-30,2024.0,Q3,10-Q,2024-11-13
Instacart,OperatingIncomeLoss,334000000,2024-01-01,2024-09-30,2025.0,Q3,10-Q,2025-11-10
Instacart,OperatingIncomeLoss,138000000,2024-07-01,2024-09-30,2024.0,Q3,10-Q,2024-11-13
Instacart,OperatingIncomeLoss,138000000,2024-07-01,2024-09-30,2025.0,Q3,10-Q,2025-11-10
Instacart,OperatingIncomeLoss,489000000,2024-01-01,2024-12-31,2024.0,FY,10-K,2025-02-28
Instacart,OperatingIncomeLoss,489000000,2024-01-01,2024-12-31,2025.0,FY,10-K,2026-02-26
Instacart,OperatingIncomeLoss,110000000,2025-01-01,2025-03-31,2025.0,Q1,10-Q,2025-05-08
Instacart,OperatingIncomeLoss,110000000,2025-01-01,2025-03-31,2026.0,Q1,10-Q,2026-05-07
Instacart,OperatingIncomeLoss,234000000,2025-01-01,2025-06-30,2025.0,Q2,10-Q,2025-08-08
Instacart,OperatingIncomeLoss,124000000,2025-04-01,2025-06-30,2025.0,Q2,10-Q,2025-08-08
Instacart,OperatingIncomeLoss,401000000,2025-01-01,2025-09-30,2025.0,Q3,10-Q,2025-11-10
Instacart,OperatingIncomeLoss,166000000,2025-07-01,2025-09-30,2025.0,Q3,10-Q,2025-11-10
Instacart,OperatingIncomeLoss,498000000,2025-01-01,2025-12-31,2025.0,FY,10-K,2026-02-26
Instacart,OperatingIncomeLoss,182000000,2026-01-01,2026-03-31,2026.0,Q1,10-Q,2026-05-07
Instacart,NetIncomeLoss,-73000000,2021-01-01,2021-12-31,2023.0,FY,10-K,2024-03-05
Instacart,NetIncomeLoss,-82000000,2022-01-01,2022-03-31,2023.0,Q3,10-Q,2023-11-13
Instacart,NetIncomeLoss,8000000,2022-04-01,2022-06-30,2023.0,Q3,10-Q,2023-11-13
Instacart,NetIncomeLoss,-38000000,2022-01-01,2022-09-30,2023.0,Q3,10-Q,2023-11-13
Instacart,NetIncomeLoss,36000000,2022-07-01,2022-09-30,2023.0,Q3,10-Q,2023-11-13
Instacart,NetIncomeLoss,428000000,2022-01-01,2022-12-31,2023.0,FY,10-K,2024-03-05
Instacart,NetIncomeLoss,428000000,2022-01-01,2022-12-31,2024.0,FY,10-K,2025-02-28
Instacart,NetIncomeLoss,128000000,2023-01-01,2023-03-31,2023.0,Q3,10-Q,2023-11-13
Instacart,NetIncomeLoss,128000000,2023-01-01,2023-03-31,2024.0,Q1,10-Q,2024-05-10
Instacart,NetIncomeLoss,128000000,2023-01-01,2023-03-31,2024.0,Q2,10-Q,2024-08-09
Instacart,NetIncomeLoss,128000000,2023-01-01,2023-03-31,2024.0,Q3,10-Q,2024-11-13
Instacart,NetIncomeLoss,242000000,2023-01-01,2023-06-30,2024.0,Q2,10-Q,2024-08-09
Instacart,NetIncomeLoss,114000000,2023-04-01,2023-06-30,2023.0,Q3,10-Q,2023-11-13
Instacart,NetIncomeLoss,114000000,2023-04-01,2023-06-30,2024.0,Q2,10-Q,2024-08-09
Instacart,NetIncomeLoss,114000000,2023-04-01,2023-06-30,2024.0,Q3,10-Q,2024-11-13
Instacart,NetIncomeLoss,-1757000000,2023-01-01,2023-09-30,2023.0,Q3,10-Q,2023-11-13
Instacart,NetIncomeLoss,-1757000000,2023-01-01,2023-09-30,2024.0,Q3,10-Q,2024-11-13
Instacart,NetIncomeLoss,-1999000000,2023-07-01,2023-09-30,2023.0,Q3,10-Q,2023-11-13
Instacart,NetIncomeLoss,-1999000000,2023-07-01,2023-09-30,2024.0,Q3,10-Q,2024-11-13
Instacart,NetIncomeLoss,-1622000000,2023-01-01,2023-12-31,2023.0,FY,10-K,2024-03-05
Instacart,NetIncomeLoss,-1622000000,2023-01-01,2023-12-31,2024.0,FY,10-K,2025-02-28
Instacart,NetIncomeLoss,-1622000000,2023-01-01,2023-12-31,2025.0,FY,10-K,2026-02-26
Instacart,NetIncomeLoss,-1622000000,2023-01-01,2023-12-31,,,DEF 14A,2026-04-09
Instacart,NetIncomeLoss,130000000,2024-01-01,2024-03-31,2024.0,Q1,10-Q,2024-05-10
Instacart,NetIncomeLoss,130000000,2024-01-01,2024-03-31,2024.0,Q2,10-Q,2024-08-09
Instacart,NetIncomeLoss,130000000,2024-01-01,2024-03-31,2024.0,Q3,10-Q,2024-11-13
Instacart,NetIncomeLoss,130000000,2024-01-01,2024-03-31,2025.0,Q1,10-Q,2025-05-08
Instacart,NetIncomeLoss,130000000,2024-01-01,2024-03-31,2025.0,Q2,10-Q,2025-08-08
Instacart,NetIncomeLoss,130000000,2024-01-01,2024-03-31,2025.0,Q3,10-Q,2025-11-10
Instacart,NetIncomeLoss,191000000,2024-01-01,2024-06-30,2024.0,Q2,10-Q,2024-08-09
Instacart,NetIncomeLoss,191000000,2024-01-01,2024-06-30,2025.0,Q2,10-Q,2025-08-08
Instacart,NetIncomeLoss,61000000,2024-04-01,2024-06-30,2024.0,Q2,10-Q,2024-08-09
Instacart,NetIncomeLoss,61000000,2024-04-01,2024-06-30,2024.0,Q3,10-Q,2024-11-13
Instacart,NetIncomeLoss,61000000,2024-04-01,2024-06-30,2025.0,Q2,10-Q,2025-08-08
Instacart,NetIncomeLoss,61000000,2024-04-01,2024-06-30,2025.0,Q3,10-Q,2025-11-10
Instacart,NetIncomeLoss,309000000,2024-01-01,2024-09-30,2024.0,Q3,10-Q,2024-11-13
Instacart,NetIncomeLoss,309000000,2024-01-01,2024-09-30,2025.0,Q3,10-Q,2025-11-10
Instacart,NetIncomeLoss,118000000,2024-07-01,2024-09-30,2024.0,Q3,10-Q,2024-11-13
Instacart,NetIncomeLoss,118000000,2024-07-01,2024-09-30,2025.0,Q3,10-Q,2025-11-10
Instacart,NetIncomeLoss,457000000,2024-01-01,2024-12-31,2024.0,FY,10-K,2025-02-28
Instacart,NetIncomeLoss,457000000,2024-01-01,2024-12-31,2025.0,FY,10-K,2026-02-26
Instacart,NetIncomeLoss,457000000,2024-01-01,2024-12-31,,,DEF 14A,2026-04-09
Instacart,NetIncomeLoss,106000000,2025-01-01,2025-03-31,2025.0,Q1,10-Q,2025-05-08
Instacart,NetIncomeLoss,106000000,2025-01-01,2025-03-31,2025.0,Q2,10-Q,2025-08-08
Instacart,NetIncomeLoss,106000000,2025-01-01,2025-03-31,2025.0,Q3,10-Q,2025-11-10
Instacart,NetIncomeLoss,106000000,2025-01-01,2025-03-31,2026.0,Q1,10-Q,2026-05-07
Instacart,NetIncomeLoss,222000000,2025-01-01,2025-06-30,2025.0,Q2,10-Q,2025-08-08
Instacart,NetIncomeLoss,116000000,2025-04-01,2025-06-30,2025.0,Q2,10-Q,2025-08-08
Instacart,NetIncomeLoss,116000000,2025-04-01,2025-06-30,2025.0,Q3,10-Q,2025-11-10
Instacart,NetIncomeLoss,366000000,2025-01-01,2025-09-30,2025.0,Q3,10-Q,2025-11-10
Instacart,NetIncomeLoss,144000000,2025-07-01,2025-09-30,2025.0,Q3,10-Q,2025-11-10
Instacart,NetIncomeLoss,447000000,2025-01-01,2025-12-31,2025.0,FY,10-K,2026-02-26
Instacart,NetIncomeLoss,447000000,2025-01-01,2025-12-31,,,DEF 14A,2026-04-09
Instacart,NetIncomeLoss,144000000,2026-01-01,2026-03-31,2026.0,Q1,10-Q,2026-05-07
Instacart,ResearchAndDevelopmentExpense,368000000,2021-01-01,2021-12-31,2023.0,FY,10-K,2024-03-05
Instacart,ResearchAndDevelopmentExpense,370000000,2022-01-01,2022-09-30,2023.0,Q3,10-Q,2023-11-13
Instacart,ResearchAndDevelopmentExpense,127000000,2022-07-01,2022-09-30,2023.0,Q3,10-Q,2023-11-13
Instacart,ResearchAndDevelopmentExpense,518000000,2022-01-01,2022-12-31,2023.0,FY,10-K,2024-03-05
Instacart,ResearchAndDevelopmentExpense,518000000,2022-01-01,2022-12-31,2024.0,FY,10-K,2025-02-28
Instacart,ResearchAndDevelopmentExpense,127000000,2023-01-01,2023-03-31,2024.0,Q1,10-Q,2024-05-10
Instacart,ResearchAndDevelopmentExpense,257000000,2023-01-01,2023-06-30,2024.0,Q2,10-Q,2024-08-09
Instacart,ResearchAndDevelopmentExpense,130000000,2023-04-01,2023-06-30,2024.0,Q2,10-Q,2024-08-09
Instacart,ResearchAndDevelopmentExpense,2107000000,2023-01-01,2023-09-30,2023.0,Q3,10-Q,2023-11-13
Instacart,ResearchAndDevelopmentExpense,2107000000,2023-01-01,2023-09-30,2024.0,Q3,10-Q,2024-11-13
Instacart,ResearchAndDevelopmentExpense,1850000000,2023-07-01,2023-09-30,2023.0,Q3,10-Q,2023-11-13
Instacart,ResearchAndDevelopmentExpense,1850000000,2023-07-01,2023-09-30,2024.0,Q3,10-Q,2024-11-13
Instacart,ResearchAndDevelopmentExpense,2312000000,2023-01-01,2023-12-31,2023.0,FY,10-K,2024-03-05
Instacart,ResearchAndDevelopmentExpense,2312000000,2023-01-01,2023-12-31,2024.0,FY,10-K,2025-02-28
Instacart,ResearchAndDevelopmentExpense,2312000000,2023-01-01,2023-12-31,2025.0,FY,10-K,2026-02-26
Instacart,ResearchAndDevelopmentExpense,115000000,2024-01-01,2024-03-31,2024.0,Q1,10-Q,2024-05-10
Instacart,ResearchAndDevelopmentExpense,115000000,2024-01-01,2024-03-31,2025.0,Q1,10-Q,2025-05-08
Instacart,ResearchAndDevelopmentExpense,300000000,2024-01-01,2024-06-30,2024.0,Q2,10-Q,2024-08-09
Instacart,ResearchAndDevelopmentExpense,300000000,2024-01-01,2024-06-30,2025.0,Q2,10-Q,2025-08-08
Instacart,ResearchAndDevelopmentExpense,185000000,2024-04-01,2024-06-30,2024.0,Q2,10-Q,2024-08-09
Instacart,ResearchAndDevelopmentExpense,185000000,2024-04-01,2024-06-30,2025.0,Q2,10-Q,2025-08-08
Instacart,ResearchAndDevelopmentExpense,449000000,2024-01-01,2024-09-30,2024.0,Q3,10-Q,2024-11-13
Instacart,ResearchAndDevelopmentExpense,449000000,2024-01-01,2024-09-30,2025.0,Q3,10-Q,2025-11-10
Instacart,ResearchAndDevelopmentExpense,149000000,2024-07-01,2024-09-30,2024.0,Q3,10-Q,2024-11-13
Instacart,ResearchAndDevelopmentExpense,149000000,2024-07-01,2024-09-30,2025.0,Q3,10-Q,2025-11-10
Instacart,ResearchAndDevelopmentExpense,604000000,2024-01-01,2024-12-31,2024.0,FY,10-K,2025-02-28
Instacart,ResearchAndDevelopmentExpense,604000000,2024-01-01,2024-12-31,2025.0,FY,10-K,2026-02-26
Instacart,ResearchAndDevelopmentExpense,144000000,2025-01-01,2025-03-31,2025.0,Q1,10-Q,2025-05-08
Instacart,ResearchAndDevelopmentExpense,144000000,2025-01-01,2025-03-31,2026.0,Q1,10-Q,2026-05-07
Instacart,ResearchAndDevelopmentExpense,310000000,2025-01-01,2025-06-30,2025.0,Q2,10-Q,2025-08-08
Instacart,ResearchAndDevelopmentExpense,166000000,2025-04-01,2025-06-30,2025.0,Q2,10-Q,2025-08-08
Instacart,ResearchAndDevelopmentExpense,479000000,2025-01-01,2025-09-30,2025.0,Q3,10-Q,2025-11-10
Instacart,ResearchAndDevelopmentExpense,169000000,2025-07-01,2025-09-30,2025.0,Q3,10-Q,2025-11-10
Instacart,ResearchAndDevelopmentExpense,650000000,2025-01-01,2025-12-31,2025.0,FY,10-K,2026-02-26
Instacart,ResearchAndDevelopmentExpense,164000000,2026-01-01,2026-03-31,2026.0,Q1,10-Q,2026-05-07
